66.110001,66.519997,64.589996,64.660004,12324200,64.660004
64.610001,65.07,63,63.299999,11043600,63.299999
64.660004,66.360001,64.099998,65.019997,12599200,65.019997
61.509998,64.82,61.23,64.519997,13945800,64.519997
65.459999,65.650002,62.869999,63.889999,15831400,63.889999
65.330002,66.370003,64.419998,65.720001,10856300,65.720001
67.519997,67.779999,65.660004,65.860001,11563100,65.860001
65.260002,66.949997,64.739998,66.540001,12471000,66.540001
67.209999,67.360001,63.400002,66.650002,24207600,66.650002
69.510002,69.980003,66.989998,67.160004,18091900,67.160004
66.830002,69.809998,66.739998,69.809998,12208800,69.809998
65.809998,67.019997,65.629997,66.699997,10525000,66.699997
64.360001,65.18,64.239998,64.639999,9021200,64.639999
62.650002,64.290001,62.599998,63.759998,10061500,63.759998
61.939999,62.82,61.18,62.349998,13602400,62.349998
62.75,62.900002,62.029999,62.099998,10305600,62.099998
61.91,62.970001,61.75,62.549999,11792000,62.549999
62.610001,63.259998,62.209999,62.689999,9809300,62.689999
61.34,61.98,60.779999,61.259998,14957300,61.259998
61.990002,62.560001,61.060001,61.93,17949600,61.93
60,60.900002,58.880001,60.75,22262600,60.75
60.970001,61.02,57.82,60.389999,25374000,60.389999
61.779999,62.5,61.240002,62.330002,9392900,62.330002
61.700001,62.259998,60.919998,61.52,13962800,61.52
61.380001,62.18,61.09,61.919998,11570800,61.919998
58.450001,60.759998,58.389999,60.450001,12678100,60.450001
57.169998,57.779999,56.130001,57.720001,16021500,57.720001
55.639999,57.27,55.43,57.25,14437600,57.25
55.990002,56.18,54.549999,55.099998,13528900,55.099998
55.790001,56.490002,55.360001,55.549999,12193300,55.549999
54.450001,55.68,54.279999,55.41,13498000,55.41
55.610001,56,54.630001,55.279999,14207600,55.279999
54.869999,55.439999,52.529999,55.369999,22073700,55.369999
54.09,55.509998,53.09,55.34,16530900,55.34
54.389999,54.84,53.43,54.169998,12014600,54.169998
53.41,54.650002,52.950001,53.75,12174500,53.75
53.540001,54.82,53.09,53.669998,14158900,53.669998
52.369999,53.060001,51.400002,52.990002,13075200,52.990002
50.77,53.34,50.73,52.860001,12597700,52.860001
48.799999,50.299999,48.470001,50.290001,15833900,50.290001
48.369999,48.400002,46.360001,46.75,13619400,46.75
48.439999,48.860001,47.18,47.77,11751900,47.77
50.580002,50.73,48.470001,48.509998,14658800,48.509998
49.689999,50.549999,49.650002,50.43,5635100,50.43
49.25,49.720001,48.990002,49.59,6944000,49.59
50.32,50.549999,49.169998,49.439999,10953400,49.439999
49.82,50.439999,49.669998,50.34,9305800,50.34
48.990002,49.790001,48.91,49.529999,9569400,49.529999
47.450001,48.669998,47.43,48.549999,10347700,48.549999
46.93,47.240002,46.259998,46.970001,12384600,46.970001
46.41,46.720001,45.700001,46.279999,14554000,46.279999
45.25,47.049999,45.119999,45.66,24599300,45.66
46.099998,46.200001,44.740002,45.439999,15259600,45.439999
46.32,46.400002,45.470001,45.880001,12070100,45.880001
45.41,46.5,45.380001,46.380001,11654800,46.380001
45.889999,46.130001,44.25,45.700001,22845100,45.700001
46.290001,47.200001,45.66,45.950001,17565900,45.950001
45.41,46.330002,45.080002,46.060001,15365000,46.060001
43.330002,44.810001,43.139999,44.73,19015500,44.73
41.689999,43.07,41.450001,41.849998,18624200,41.849998
43.650002,43.810001,41.099998,41.900002,25038300,41.900002
44.240002,44.349998,43.360001,43.52,16317800,43.52
43.279999,44.209999,42.869999,43.650002,11053100,43.650002
43.189999,43.689999,42.580002,43.310001,13720900,43.310001
43.540001,43.73,43.110001,43.650002,5258200,43.650002
43.09,43.599998,42.720001,43.400002,13230400,43.400002
43.810001,43.970001,42.560001,43.439999,14869000,43.439999
42.349998,43.82,42.34,43.740002,12964500,43.740002
41.720001,42.150002,41.16,41.84,16339900,41.84
40.57,41.700001,40.400002,41.700001,14868100,41.700001
39.900002,40.93,39.860001,40.450001,16934800,40.450001
39.5,40.77,39.029999,40.77,18213600,40.77
38.669998,39.279999,37.650002,39.09,21443700,39.09
37.41,39.07,36.939999,38.849998,23851600,38.849998
40.16,40.529999,36.549999,38.119999,54111000,38.119999
36.099998,39.599998,36,39.09,53203400,39.09
36.799999,38.400002,36.32,38.139999,30010500,38.139999
35.849998,37.25,35.560001,37.150002,29296700,37.150002
33.43,34.299999,32.84,33,27777100,33
35.02,35.200001,32.689999,33.060001,27307800,33.060001
35.619999,35.810001,34.639999,35,28323300,35
36.810001,36.830002,34.110001,35.880001,33906300,35.880001
37.93,38.009998,36.619999,36.93,17482200,36.93
39.209999,39.68,37.02,37.650002,35526800,37.650002
40.66,40.720001,39.200001,39.349998,19634300,39.349998
40.16,41,39.860001,40.009998,19755500,40.009998
41.549999,41.580002,40.560001,41.099998,15962200,41.099998
41,41.700001,40.98,41.52,10981900,41.52
39.02,40.169998,38.84,40.080002,15531700,40.080002
38.689999,39.41,38.299999,39.290001,19879800,39.290001
38.720001,39.080002,38.209999,38.810001,14728900,38.810001
37.450001,37.98,37.18,37.98,15632000,37.98
36.470001,36.68,35.93,36.389999,15842500,36.389999
36.939999,37.18,36.029999,36.240002,23110400,36.240002
35.599998,36.450001,34.630001,35.900002,37847000,35.900002
37.240002,37.91,36.59,36.970001,22387700,36.970001
38.939999,38.98,36.470001,37.049999,32103800,37.049999
38.860001,39.509998,38.720001,39.189999,10995200,39.189999
38.689999,38.849998,37.59,38.389999,20495600,38.389999
38.02,38.639999,37.759998,38.5,12950800,38.5
38.349998,38.490002,38.009998,38.189999,14131000,38.189999
38.049999,38.630001,36.91,37.799999,33539500,37.799999
37.169998,37.860001,36.84,37.82,18799800,37.82
37.32,38,36.66,37.459999,21189500,37.459999
38.240002,38.82,34.599998,36.029999,53853600,36.029999
38.240002,38.490002,36.939999,38.380001,24310400,38.380001
36.07,38.240002,35.779999,37.860001,22276100,37.860001
36.689999,36.939999,35.630001,35.970001,23382100,35.970001
38.240002,38.580002,37.900002,38.119999,18706000,38.119999
38.220001,38.52,37.73,38.470001,22289800,38.470001
34.93,37.27,34.470001,37.009998,37582400,37.009998
35.02,35.060001,33.91,34.439999,21192900,34.439999
34.52,35.220001,33.549999,34.259998,28446800,34.259998
32.32,33.59,31.719999,33.400002,27073300,33.400002
31.799999,33.32,31.27,32.82,29616900,32.82
32.119999,33.459999,31.379999,31.780001,34722200,31.780001
34.82,34.950001,30.280001,31.57,57650600,31.57
33.549999,36.560001,33.220001,36.209999,32528100,36.209999
38.779999,38.950001,33.869999,33.93,45907300,33.93
40.450001,40.580002,39.860001,40.380001,16652000,40.380001
39.93,40.59,39.810001,40.470001,13626300,40.470001
39.290001,40.009998,38.93,39.990002,14298100,39.990002
38.389999,38.990002,38.220001,38.59,18563200,38.59
37.610001,37.75,36.599998,37.59,19696400,37.59
37.540001,37.669998,36.43,37.439999,19804000,37.439999
37.48,37.759998,36.950001,37.580002,18307400,37.580002
36.689999,37.529999,36.68,37.299999,15178900,37.299999
37,38.009998,35.32,36.560001,35982700,36.560001
36.080002,37.139999,36.02,36.619999,19638800,36.619999
37.41,37.470001,36.32,36.77,19633100,36.77
37.73,37.959999,37.490002,37.580002,14914800,37.580002
37.349998,37.630001,36.860001,37.439999,20644800,37.439999
37.34,37.77,36.970001,37.549999,18335800,37.549999
36.939999,37.779999,36.709999,37.549999,20341300,37.549999
36.32,37.27,35.380001,37.169998,28193200,37.169998
36.740002,36.759998,35.959999,36.169998,23508700,36.169998
37.27,37.66,37.189999,37.450001,15358900,37.450001
36.549999,37.169998,36.07,36.849998,20527100,36.849998
36.779999,37.27,36.34,36.52,24831200,36.52
37.459999,37.549999,35.610001,36.34,30186900,36.34
37.18,37.970001,36.66,37.220001,27782500,37.220001
36.32,36.669998,36.139999,36.639999,17991900,36.639999
35.509998,36.279999,35.490002,35.779999,24342500,35.779999
34.200001,34.900002,33.810001,34.580002,23457500,34.580002
32.869999,33.75,32.5,33.650002,24454300,33.650002
33.849998,34.029999,31.84,32.91,47423100,32.91
33.900002,34.669998,33.34,34.240002,32135400,34.240002
32.529999,33.900002,32.459999,33.689999,23310900,33.689999
31.77,32.709999,31.41,32.48,24887900,32.48
31.67,32.220001,30.76,31.9,28359000,31.9
30.950001,31.24,30.34,31.190001,22859200,31.190001
30.969999,31.190001,29.77,30.9,27669200,30.9
30.24,31.1,30.02,30.74,20803700,30.74
30.799999,31.030001,29.65,30.01,28275800,30.01
30.639999,31.17,30.370001,30.91,19089100,30.91
30,30.450001,29.52,30.030001,24329900,30.030001
29.42,30.299999,29.27,30.08,19376600,30.08
29.65,29.799999,28.59,29.469999,22800700,29.469999
29.690001,29.9,29.26,29.389999,22543900,29.389999
29.209999,29.450001,28.67,29.379999,21441600,29.379999
28.950001,29.030001,28.290001,28.889999,19450000,28.889999
28.75,28.98,28.200001,28.209999,22990100,28.209999
27.5,28.48,27.33,28.299999,25714400,28.299999
26.540001,26.940001,25.48,26.52,34798900,26.52
25.049999,26.15,24.65,26.110001,31972900,26.110001
25.48,25.57,24.48,25.5,34733800,25.5
25.309999,26.049999,25.200001,25.940001,30957200,25.940001
24.700001,25.280001,24.32,24.99,31202600,24.99
23.870001,24.68,23.83,24.33,40066100,24.33
22.09,23.33,22.049999,23.219999,49649700,23.219999
21.4,21.59,20.209999,21.459999,64405000,21.459999
23.42,26.559999,21.280001,22,84505600,22
28.83,30.15,28.469999,30.049999,32433800,30.049999
28.32,29.120001,26.969999,27.34,32352200,27.34
29.02,29.08,27.809999,28.35,30830300,28.35
28.379999,29.24,28.360001,28.49,34427200,28.49
26.67,27.15,26.17,26.629999,37817000,26.629999
24.809999,26.91,23.879999,26.67,61848700,26.67
25.98,27.049999,25.73,25.950001,42375300,25.950001
24.700001,26.08,24.34,25.690001,51820900,25.690001
28.32,29.08,25.139999,25.15,44519700,25.15
31.040001,31.309999,29.469999,29.59,33081800,29.59
32.509998,32.93,32.130001,32.560001,20635900,32.560001
33.43,33.669998,32.82,33.16,18362000,33.16
33.740002,34.099998,33.330002,33.43,19740100,33.43
33.18,33.580002,32.619999,33.419998,22149500,33.419998
32.27,33.209999,31.34,33,25481000,33
31.639999,32.869999,31.25,32.82,21205000,32.82
31.209999,32.200001,30.82,31.950001,22577600,31.950001
32.130001,32.290001,30.790001,31.75,22131600,31.75
31.09,31.719999,30.99,31.690001,17671300,31.690001
30.59,30.98,30.469999,30.84,17968800,30.84
30.43,31.120001,30.17,30.5,23830800,30.5
29.200001,30.290001,29.16,29.98,21886800,29.98
28.700001,29.17,28.440001,28.780001,16308600,28.780001
28.27,28.75,28.17,28.629999,22865600,28.629999
27.32,27.73,26.23,27.66,37927800,27.66
27.620001,28.700001,27.18,27.74,34648500,27.74
28.75,28.889999,27.27,27.67,30805500,27.67
27.879999,29.309999,27.85,28.93,20129300,28.93
28.709999,29.25,27.4,27.66,27813200,27.66
28.68,29.16,27.549999,28.68,24718100,28.68
29.379999,29.799999,28.15,28.4,24013200,28.4
28.799999,29.5,28.73,29.459999,17893400,29.459999
27.709999,28.66,27.639999,28.059999,22894900,28.059999
26.16,27.549999,26.139999,27.43,24043600,27.43
26.74,26.879999,25.85,26.25,22438300,26.25
25.9,26.43,25.629999,26.200001,27537700,26.200001
27.030001,27.129999,25.98,26.540001,31916000,26.540001
26.76,28.139999,26.51,27.879999,25575100,27.879999
26.780001,27.110001,24.969999,26.18,39050000,26.18
28.25,29.370001,26.9,27.08,21481000,27.08
27.6,29.120001,27.459999,28.809999,22103900,28.809999
27.77,28.200001,27.57,28.02,15939700,28.02
27.33,27.530001,26.75,27.34,18030900,27.34
26.940001,27.85,26.73,27.74,18958400,27.74
27.309999,27.540001,26.65,27.07,23027100,27.07
28.16,28.389999,27.440001,27.57,20090700,27.57
28.15,28.559999,27.16,27.719999,25455000,27.719999
26.040001,28.1,26,27.99,21000300,27.99
26.09,26.379999,25.790001,26.299999,16289200,26.299999
26,26.35,25.530001,25.959999,18213400,25.959999
25.27,25.969999,25.16,25.9,20531200,25.9
23.91,24.91,23.35,24.66,23575200,24.66
24.67,24.969999,23.85,23.85,23345900,23.85
24.540001,24.92,23.799999,24.219999,19005500,24.219999
25.33,25.639999,23.01,23.629999,34571300,23.629999
24.540001,26.110001,24.370001,26.059999,22700800,26.059999
24.91,25.280001,24.280001,24.42,20893400,24.42
26.67,26.82,25.82,25.91,19947400,25.91
25.02,26.719999,24.879999,26.610001,18348700,26.610001
25.809999,26.4,25.48,25.879999,19178300,25.879999
25.889999,26.49,25.450001,26.08,23871800,26.08
23.99,25.5,23.77,25.42,22474600,25.42
23.959999,24.440001,23.559999,24.059999,16586000,24.059999
22.780001,23.75,22.59,23.690001,18305200,23.690001
24.530001,24.549999,23.450001,23.59,17816100,23.59
24.129999,24.959999,24.040001,24.75,16629200,24.75
23.799999,24.540001,23.719999,24.440001,15929800,24.440001
23.93,24.23,23.32,23.709999,17928900,23.709999
22.93,23.9,22.77,23.639999,17940300,23.639999
21.84,23.120001,21.809999,22.9,22254100,22.9
21.76,22.16,21.68,22.09,13950700,22.09
21.940001,22.549999,21.76,22.43,16038400,22.43
21.540001,22.1,21.41,22.09,21078800,22.09
20.98,21.639999,20.02,20.98,32767200,20.98
20.59,20.75,20.209999,20.620001,17467400,20.620001
20.76,21.059999,20.309999,20.35,19374300,20.35
20.84,21.68,20.74,21.18,19079900,21.18
21.889999,22,21.02,21.26,24670000,21.26
20.75,21.74,20.59,21.52,22484200,21.52
20.42,20.879999,20.09,20.85,22144700,20.85
19.33,20.549999,19.139999,20.549999,21845000,20.549999
19.280001,19.790001,18.84,18.84,22301100,18.84
19.799999,19.889999,18.99,19.209999,22449200,19.209999
18.99,19.5,18.6,19.440001,19964000,19.440001
17.940001,18.93,17.629999,18.77,28954400,18.77
19.450001,19.6,18.639999,18.700001,25018200,18.700001
19.18,19.73,19.120001,19.690001,17497700,19.690001
17.860001,18.690001,17.700001,18.65,22354100,18.65
18.27,18.469999,17.879999,18.190001,22603000,18.190001
17.879999,18.23,17.690001,18.110001,20121600,18.110001
17.24,17.49,16.98,17.459999,18332300,17.459999
16.469999,16.719999,16.110001,16.68,22857000,16.68
15.89,16.389999,15.36,15.98,56681000,15.98
17.48,17.790001,16.98,17.01,28283100,17.01
16.610001,17.530001,16.530001,17.15,42118900,17.15
17.49,17.66,16.52,17.299999,38548900,17.299999
18.99,18.99,17.85,18.16,28817600,18.16
18.870001,19.389999,18.65,18.91,27018800,18.91
19.200001,19.219999,17.809999,19.09,41768600,19.09
19.6,19.639999,18.709999,18.879999,30905400,18.879999
19.91,20.48,19.549999,20.23,23394500,20.23
19.41,20.09,19.309999,20.02,26271900,20.02
19.24,19.379999,18.440001,19.25,37838500,19.25
19.17,19.83,18.34,18.629999,50244400,18.629999
18.790001,19.43,18.549999,19.4,35662700,19.4
19.27,19.58,18.450001,18.549999,43556400,18.549999
18.870001,19.540001,18.67,19.540001,39257500,19.540001
18.15,18.690001,17.25,18.02,59508300,18.02
17.82,18.379999,16.309999,17.959999,86307400,17.959999
19.16,19.16,17.620001,18.42,49041800,18.42
18.27,19.1,17.709999,18.440001,59220700,18.440001
19.969999,20.99,19.059999,20.5,43017900,20.5
22.41,22.459999,19.379999,19.790001,56827800,19.790001
21.860001,22.040001,20.629999,21.98,54934900,21.98
20.59,21.16,18.889999,21,60702600,21
22.32,22.530001,20.16,20.450001,39813500,20.450001
22.610001,23.25,21.290001,21.639999,56804300,21.639999
23.35,24.299999,23.32,24.209999,37722900,24.209999
24.790001,25.200001,24,24.950001,27114800,24.950001
23.74,24.280001,22.879999,24.15,41187000,24.15
26.07,26.540001,25.780001,25.799999,18251500,25.799999
26.9,27,26.33,26.41,11251100,26.41
27.209999,27.440001,26.969999,27.23,14025600,27.23
26.059999,26.85,25.530001,26.799999,17335500,26.799999
26.790001,26.91,26.440001,26.530001,6384500,26.530001
27,27.209999,26.389999,26.99,20721600,26.99
25.959999,26.690001,25.610001,26.389999,26595400,26.389999
24.98,25.209999,24.09,25.17,32670400,25.17
25.280001,25.559999,23.91,24.1,49114100,24.1
27.5,27.52,25.889999,26.209999,37125200,26.209999
26.440001,27.76,25.799999,27.280001,39964800,27.280001
25.4,25.91,24.66,25.57,36212200,25.57
23.129999,24.73,22.049999,24.52,41133500,24.52
25.67,25.98,22.549999,23.110001,53059200,23.110001
27.299999,28.030001,26.780001,27.120001,28626300,27.120001
28.25,29.299999,26.629999,27.469999,44567800,27.469999
28.32,29.34,27.9,28.65,38653200,28.65
30.280001,30.280001,28.5,29.57,25800600,29.57
28.6,30.389999,28.360001,30.34,25707200,30.34
29.629999,30.620001,26.98,27.67,43239200,27.67
31.040001,31.57,29.66,29.889999,25340100,29.889999
30.23,31.17,29.940001,31.15,16845500,31.15
29.879999,30.07,29.49,29.85,16992000,29.85
30.049999,30.1,29.59,29.629999,5724900,29.629999
29.639999,30.129999,29.379999,29.959999,14533300,29.959999
28.889999,29.9,28.530001,29.52,24468100,29.52
29.110001,29.9,28.83,29.73,20231000,29.73
28.879999,29.299999,28.719999,28.940001,20327100,28.940001
28.76,28.879999,27.65,28.030001,22494900,28.030001
27.690001,29.059999,27.620001,28.99,26665500,28.99
29.049999,29.18,26.549999,27.08,38411900,27.08
26.15,28.76,25.940001,28.709999,35787000,28.709999
27.799999,28.030001,25.92,26.049999,45769300,26.049999
29.82,30.200001,27.879999,27.940001,33501100,27.940001
31.59,31.66,30.629999,30.65,19737600,30.65
30.110001,31.52,30,31.32,18846000,31.32
32.130001,32.259998,29.969999,30.540001,28398400,30.540001
31.6,32.32,30.82,32.279999,22743700,32.279999
31.030001,31.74,30.469999,31.620001,26171800,31.620001
32.25,32.369999,30.709999,31.02,28130800,31.02
32.32,32.889999,31.860001,32.02,19350800,32.02
31.139999,32.939999,31.040001,32.700001,20407700,32.700001
31.48,31.959999,31.030001,31.09,20242400,31.09
31.5,31.91,30.940001,31.57,18281300,31.57
31.190001,32.099998,30.18,31.98,26530000,31.98
30.1,31.219999,30.059999,31.1,19030200,31.1
31.059999,31.49,30.440001,30.51,18170200,30.51
32.66,32.759998,30.889999,31.530001,30321900,31.530001
30.139999,32,30.139999,31.93,34774600,31.93
31.98,32.32,29.33,29.51,37690900,29.51
32.549999,33.07,31.129999,31.709999,33354700,31.709999
30.65,32.990002,30.540001,32.91,29692900,32.91
30.959999,30.98,29.549999,30.73,27172400,30.73
29.030001,30.629999,28.780001,30.51,28619500,30.51
28.74,29.309999,27.709999,28.450001,31852400,28.450001
30.059999,31.209999,28.93,29.08,32241600,29.08
29.129999,31.139999,28.85,30.85,21868800,30.85
29.15,29.459999,28.17,29.01,23661900,29.01
27.780001,29.4,27.450001,29.040001,29649200,29.040001
27.4,27.790001,26.780001,27.67,25515000,27.67
27.469999,27.870001,26.639999,27.059999,24910600,27.059999
26.450001,27.559999,26.379999,27.389999,26374100,27.389999
23.67,25.940001,23.440001,25.940001,36256200,25.940001
24.299999,24.65,23.549999,24.639999,29119700,24.639999
24.280001,24.5,23.65,24.35,29942900,24.35
23.6,24.139999,22.700001,23.24,42177100,23.24
24.18,24.41,22.620001,23.309999,43414900,23.309999
26.73,26.75,24.43,25.040001,39909300,25.040001
25.16,25.92,23.82,25.719999,50956400,25.719999
25.85,26.68,25.51,26.41,29641100,26.41
26.15,26.57,24.389999,25.940001,47276900,25.940001
26.790001,27.83,26.469999,27.719999,28149200,27.719999
26.6,27.620001,25.57,25.889999,41636800,25.889999
29.389999,32.119999,28.67,29.440001,57741300,29.440001
28.74,29.5,27.799999,29.379999,34052400,29.379999
25.59,27.780001,25.389999,27.75,23713100,27.75
25.290001,25.309999,24.639999,25.25,19796800,25.25
24.540001,25.27,24.120001,25.27,22697600,25.27
23.389999,24.68,23.23,24.68,35692400,24.68
25.969999,26.040001,23.889999,24.09,39593800,24.09
24.059999,24.73,23.75,24.66,28605900,24.66
23.379999,23.93,22.129999,22.75,42964800,22.75
25.209999,26.219999,23.809999,24.530001,51209800,24.530001
23.34,24.440001,22.459999,24.440001,32108900,24.440001
23.299999,24.02,21.309999,22.01,50719400,22.01
26.35,26.700001,25.4,25.639999,29358200,25.639999
27.1,27.530001,25.299999,26.629999,37128700,26.629999
29.809999,29.860001,26.299999,27.99,56902800,27.99
28.389999,28.879999,25.51,28.66,53815600,28.66
31,31.16,26.02,26.1,55721900,26.1
24.879999,34.369999,22.879999,29.58,82783300,29.58
40.689999,41.889999,35.98,36.040001,55522800,36.040001
44.950001,45.599998,42.689999,43.09,30007300,43.09
47.169998,48.389999,45.790001,46.939999,28024100,46.939999
48.220001,48.68,47.580002,47.880001,11283700,47.880001
47.380001,48.509998,46.91,48.450001,9967500,48.450001
47.849998,48.290001,47.130001,47.84,9659000,47.84
47.650002,48.439999,46.689999,47.790001,15391500,47.790001
44.66,47.599998,43.799999,47.169998,21662000,47.169998
47.59,48.240002,46.240002,47.209999,18398200,47.209999
48.82,49.5,48.810001,49.439999,7005400,49.439999
47.32,47.919998,46.290001,47.610001,16320700,47.610001
48.860001,48.900002,46.25,47.16,17624600,47.16
48.740002,49.599998,48.209999,48.880001,13055800,48.880001
48.439999,49,47.66,48.540001,13747500,48.540001
48.27,48.889999,46.799999,48.759998,14348900,48.759998
48.290001,48.740002,47.380001,48.040001,12476600,48.040001
47.450001,48.18,46.459999,47.970001,13246200,47.970001
47.119999,48.09,46.880001,47.650002,14559800,47.650002
45,47.290001,43.889999,46.950001,18238600,46.950001
44.349998,44.950001,42.700001,43.75,20796400,43.75
47.68,48.200001,45.470001,46.200001,19847900,46.200001
48.790001,49.060001,47,47.59,18658200,47.59
46.779999,48.810001,46.779999,48.34,13039800,48.34
47.900002,48.189999,47.220001,48.110001,11785100,48.110001
47.580002,48.720001,47.32,47.689999,11218700,47.689999
47.490002,47.650002,46.860001,47.560001,11519100,47.560001
45.68,47.279999,45.560001,47.240002,15085100,47.240002
44.279999,44.849998,43.150002,44.240002,15483000,44.240002
43.619999,44.959999,43.380001,44.060001,16827600,44.060001
42.049999,43.93,41.830002,43.77,21241800,43.77
38.98,39.98,37.919998,39.91,27400500,39.91
39.470001,39.630001,36.950001,37.150002,25188200,37.150002
39.880001,40.369999,37.41,37.48,37258200,37.48
39.68,41.689999,37.400002,41.66,33050100,41.66
38.669998,40.509998,38.27,39.59,24588600,39.59
43.310001,43.509998,39.759998,40.59,26043100,40.59
42.700001,43.400002,41.41,43.299999,22667800,43.299999
42.389999,42.48,38.73,40.610001,30450800,40.610001
45.650002,46.41,39.82,40.470001,38561600,40.470001
48.59,48.900002,47.57,48.599998,14805100,48.599998
49.09,49.509998,48.040001,48.310001,13764000,48.310001
49.450001,50.099998,48.639999,48.779999,12329900,48.779999
48.720001,49.740002,48.66,49.68,11581100,49.68
47.549999,48.490002,47.220001,48.459999,12762000,48.459999
46.98,47.080002,46.27,46.529999,12295400,46.529999
46.290001,47.450001,46.130001,46.970001,16235600,46.970001
45.740002,46.150002,44.610001,45.66,20804900,45.66
44.290001,45.720001,44.060001,45.490002,13737800,45.490002
45.580002,45.779999,44.66,44.720001,17024400,44.720001
46.68,46.869999,45.810001,46.700001,14033600,46.700001
46.900002,47.59,46.669998,47.34,12003000,47.34
45.110001,46.5,45.02,46.34,14455400,46.34
43.84,44.639999,43.380001,44.41,13834900,44.41
44.669998,44.790001,43.650002,43.98,12602900,43.98
44.029999,44.990002,43.650002,44.849998,15341200,44.849998
45.029999,45.259998,43.830002,44.099998,18172500,44.099998
45.259998,45.77,44.939999,45.650002,12700500,45.650002
45.099998,45.669998,44.610001,44.869999,11986200,44.869999
45.700001,46.080002,44.91,45.610001,12826400,45.610001
45.360001,45.82,44.540001,45.189999,14036600,45.189999
45.459999,45.740002,44.830002,45.470001,12197800,45.470001
44.709999,46.25,44.43,45.990002,10979100,45.990002
45.57,45.779999,43.880001,44.310001,16987200,44.310001
46.279999,46.639999,45.889999,46.09,10089600,46.09
44.700001,46.43,44.5,46.18,11050300,46.18
45.130001,45.360001,44.34,44.950001,14389800,44.950001
44.650002,45.389999,44.049999,45.029999,13022200,45.029999
43,44.759998,42.93,44.400002,9948700,44.400002
42.790001,43.02,42.139999,42.990002,9988500,42.990002
42.25,42.650002,42.07,42.650002,8124600,42.650002
41.43,41.880001,40.98,41.779999,12636100,41.779999
40.209999,41.299999,39.720001,41.060001,14083400,41.060001
41.939999,42.080002,40.900002,40.959999,11199400,40.959999
41.490002,42.16,41.220001,41.98,12498400,41.98
39.450001,40.310001,38.939999,39.900002,15883700,39.900002
40.790001,40.98,38.34,39.68,23925400,39.68
41.509998,41.830002,40.279999,40.34,18083200,40.34
42.110001,42.439999,41.259998,41.689999,11282400,41.689999
40.439999,41.849998,40.419998,41.82,13636200,41.82
40.490002,40.93,39.080002,39.919998,19010000,39.919998
41.119999,41.900002,40.34,41.02,21622800,41.02
40.439999,42.169998,39.330002,42.16,15657700,42.16
42.32,42.459999,40.419998,40.75,13994500,40.75
41.82,42.07,41.459999,41.919998,7163700,41.919998
40.880001,41.93,40.709999,41.529999,8476800,41.529999
40.939999,41.330002,40.130001,41.16,10673000,41.16
41.209999,41.349998,40.240002,40.709999,13367800,40.709999
40.189999,40.939999,39.959999,40.720001,11428700,40.720001
39.459999,39.68,38.259998,39.369999,25597200,39.369999
39.799999,41.16,39.639999,40.77,13087700,40.77
39.66,40.400002,39.549999,39.939999,12775100,39.939999
38.32,39.459999,38.029999,39.099998,14811500,39.099998
40.349998,40.759998,38.389999,38.779999,17068400,38.779999
38.509998,39.900002,38.439999,39.889999,14676200,39.889999
37.060001,38.240002,36.650002,38.189999,11980700,38.189999
36.43,36.98,36.200001,36.91,12662500,36.91
36.380001,36.779999,36.18,36.220001,9277200,36.220001
34.990002,36.43,34.860001,36.09,10938100,36.09
34.919998,35.470001,34.720001,35.349998,13373100,35.349998
34.59,34.700001,33.549999,34.66,17437200,34.66
35.400002,35.459999,34.43,34.639999,13293300,34.639999
35.290001,35.73,35.220001,35.529999,9133600,35.529999
34.099998,34.630001,33.970001,34.470001,12375500,34.470001
33.130001,34.310001,32.790001,34.09,21644800,34.09
35.549999,35.75,33.720001,33.779999,22454500,33.779999
35.200001,36.060001,34.98,35.380001,14747800,35.380001
34.860001,35.639999,34.810001,35.25,11359700,35.25
34.450001,35.630001,34.259998,34.630001,17482400,34.630001
33.57,34.189999,33.189999,34.09,16226500,34.09
32.490002,34.380001,32.240002,34.119999,26152800,34.119999
32.07,32.790001,31.84,32.689999,13576300,32.689999
32.200001,32.84,32.099998,32.509998,13763700,32.509998
32.400002,32.57,30.940001,31.790001,24648400,31.790001
31.26,32.599998,31.219999,32.529999,12337000,32.529999
31.370001,31.469999,30.49,30.73,18728700,30.73
31.620001,31.85,31.07,31.5,20493500,31.5
32.299999,32.869999,32.099998,32.509998,13328800,32.509998
33.110001,33.599998,31.9,32.09,22846400,32.09
33.43,33.66,32.91,33.59,14259600,33.59
32.639999,33.25,31.91,33.169998,16579300,33.169998
33.509998,33.68,32.200001,33.09,17560700,33.09
32.93,33.880001,32.790001,33.849998,12019500,33.849998
32.610001,33.27,32.32,32.75,15593700,32.75
32.32,32.990002,31.690001,32.59,19368000,32.59
32.369999,33.709999,31.860001,32.200001,20467500,32.200001
31.290001,32.630001,31.24,32.419998,16753200,32.419998
30.940001,31.299999,30.73,31.139999,11529700,31.139999
29.610001,31.5,29.41,31.290001,18978800,31.290001
29.219999,30.23,29.18,30.200001,13714800,30.200001
28.959999,29.690001,28.92,29.549999,14298100,29.549999
29.129999,29.559999,28.9,29.309999,11592400,29.309999
29.18,29.559999,28.629999,29.4,19414900,29.4
28.030001,29.18,27.889999,29.049999,17749600,29.049999
27.24,27.450001,26.860001,27.370001,15937400,27.370001
27.16,27.68,26.629999,27.52,18775900,27.52
26.15,26.66,25.940001,26.530001,16438500,26.530001
28.15,28.360001,26.059999,26.65,30131800,26.65
27.15,28,27.139999,27.83,14450500,27.83
27.309999,28.120001,26.73,26.91,22114800,26.91
26.85,27.75,26.610001,27.68,22087300,27.68
25.91,26.450001,24.75,26.450001,27897300,26.450001
26.9,27.469999,24.799999,24.969999,40081700,24.969999
26.969999,27.99,26.059999,27.82,36316100,27.82
30.549999,30.58,26.809999,27.129999,39811800,27.129999
29.49,30.690001,29.190001,29.709999,28119000,29.709999
30.110001,31.209999,29.51,31.200001,17698900,31.200001
30.200001,31.09,29.690001,29.82,22924000,29.82
29.58,30.700001,28.469999,30.66,27658100,30.66
27.15,28.809999,26.82,28.76,27144500,28.76
28.059999,28.120001,26.58,27.49,25774600,27.49
26.700001,27.549999,26.17,27.25,28445400,27.25
27.92,28.299999,26.65,26.74,27095600,26.74
26.77,27.700001,26.52,27.57,33279100,27.57
29.59,29.959999,27.35,28.110001,33653500,28.110001
30.120001,30.23,28.18,28.92,24066300,28.92
31.950001,32,30.120001,30.41,23357500,30.41
30.83,31.77,30.709999,31.610001,19774200,31.610001
29.629999,30.09,29,29.74,20223000,29.74
29.639999,30.049999,27.75,28.77,41123300,28.77
30.9,31.030001,29.01,29.49,28640600,29.49
32.25,32.619999,29.93,31.690001,20012200,31.690001
34.080002,34.25,30.549999,31.139999,22868500,31.139999
34.279999,34.740002,33.740002,33.959999,12083800,33.959999
34.509998,35.080002,34.32,34.799999,9017600,34.799999
35.110001,35.360001,34.59,34.740002,8202100,34.740002
35.240002,35.299999,34.810001,35.110001,4816700,35.110001
35.130001,35.150002,34.150002,34.880001,11221500,34.880001
34.150002,34.939999,33.869999,34.91,13984200,34.91
33.189999,33.75,32.689999,33.220001,23092400,33.220001
33.599998,33.709999,32.119999,33.049999,26902200,33.049999
28.85,32.130001,28.83,31.99,37777900,31.99
30.08,32.610001,29.299999,29.32,36775100,29.32
31.57,32.32,29.639999,30.870001,35677800,30.870001
30.43,31.92,29.91,30.110001,34931100,30.110001
34.259998,35.650002,31.809999,31.84,26315200,31.84
37.209999,37.360001,33.959999,34.029999,27451100,34.029999
36.419998,38.240002,35.790001,37.880001,18972800,37.880001
39.799999,40.439999,38,38.48,11978300,38.48
40,40.740002,39.700001,40.07,9836300,40.07
38.959999,39.779999,38.240002,39.380001,10196100,39.380001
39.240002,39.599998,38.98,39.43,7271700,39.43
36.900002,38.889999,36.900002,38.82,8772700,38.82
37.720001,37.849998,36.509998,36.900002,12921000,36.900002
39.400002,39.720001,38.41,38.509998,5235300,38.509998
38.970001,39.700001,38.860001,39.580002,7402100,39.580002
38.889999,39.07,38.400002,38.939999,7671100,38.939999
38.240002,38.73,38.060001,38.700001,7356200,38.700001
38.259998,38.290001,37.57,37.900002,9602800,37.900002
36.060001,37.299999,36,37.110001,6709700,37.110001
37.200001,37.349998,36.41,36.740002,11556200,36.740002
37.25,38.119999,37.220001,37.66,8820000,37.66
36.59,37.400002,36.32,37.040001,9396800,37.040001
36.860001,37.060001,36.18,36.950001,10854900,36.950001
37.360001,37.849998,35.98,37.040001,14598300,37.040001
37.07,37.91,37.009998,37.52,9742800,37.52
38.189999,38.360001,37.209999,38.009998,11567300,38.009998
36.799999,38.27,36.709999,37.970001,12553100,37.970001
36.130001,36.689999,35.700001,36.610001,13911600,36.610001
35.400002,36.23,34.73,36.07,12685900,36.07
35.389999,35.439999,34.560001,35.200001,11753200,35.200001
34.220001,34.869999,33.290001,34.77,19529000,34.77
35.099998,35.299999,34.139999,34.5,12256300,34.5
35.279999,35.349998,34.509998,35.060001,16796600,35.060001
33.599998,34.900002,33.09,34.209999,22199800,34.209999
34.869999,35.049999,33.27,34.330002,33231600,34.330002
33.27,35.009998,33.23,34.950001,21888900,34.950001
31.76,32.950001,31.15,32.790001,22310400,32.790001
31.969999,32.560001,30.209999,32.369999,22276500,32.369999
32.119999,32.860001,31.51,32.049999,28412700,32.049999
32.98,33.389999,29.91,30.1,33668700,30.1
31.639999,32.939999,31.370001,32.740002,23262400,32.740002
28.16,30.559999,28.01,30.48,24882700,30.48
29.049999,29.48,27.77,28.33,32420400,28.33
24.85,27.74,24.709999,27.190001,53839600,27.190001
26.639999,28.530001,24.67,28.299999,66713600,28.299999
29.110001,30.42,27.75,28.75,37348200,28.75
32.389999,32.889999,28.27,28.51,31888400,28.51
35.68,36.400002,31.799999,31.860001,37130000,31.860001
38.93,39.23,35.740002,35.900002,38317200,35.900002
36.34,39.650002,36.009998,39.48,26587600,39.48
38.330002,38.459999,36.52,36.580002,19890700,36.580002
40.880001,41.290001,39.09,39.27,14948500,39.27
39.02,40.41,38.779999,39.98,17130500,39.98
37.169998,38.389999,36.150002,37.720001,26185700,37.720001
38.27,38.34,36.450001,37.5,26014100,37.5
38.540001,39.330002,37.959999,38.25,15556800,38.25
38.57,39.82,38.099998,38.790001,18155000,38.790001
39.779999,41.18,39.529999,40.73,11957900,40.73
42.110001,42.169998,38.779999,39.360001,24540300,39.360001
41.459999,42.639999,41.110001,42.549999,8404600,42.549999
41.759998,42.560001,41.279999,41.279999,12271800,41.279999
43.959999,44.029999,42.57,42.880001,10242100,42.880001
44.939999,45.169998,43.849998,44.470001,8879500,44.470001
44.150002,44.540001,43.970001,44.490002,6162800,44.490002
43.669998,44.779999,43.279999,43.84,14109500,43.84
41,43.580002,40.939999,43.450001,11121500,43.450001
42.32,42.349998,41.189999,41.419998,9576900,41.419998
43.34,43.450001,41.82,42.5,13833700,42.5
42.599998,43.529999,42.43,43.490002,7422700,43.490002
43.029999,43.580002,42.220001,43.369999,8316000,43.369999
44.040001,44.060001,42.810001,43.080002,8488200,43.080002
44.259998,44.48,43.759998,44.279999,6641100,44.279999
43.75,44.490002,43.02,44.380001,7266300,44.380001
43.91,44.490002,43.029999,43.490002,8826900,43.490002
43.799999,43.799999,43.099998,43.599998,6616800,43.599998
43.419998,43.57,42.759998,43.099998,5533100,43.099998
43.580002,43.689999,42.900002,43.380001,6612800,43.380001
42.560001,43.52,42.419998,43.080002,6626500,43.080002
44.029999,44.240002,43.43,43.830002,5263900,43.830002
44.439999,44.619999,43.950001,44.139999,5161400,44.139999
44.560001,44.790001,44.18,44.52,6463300,44.52
44,44.360001,43.130001,44.060001,8428200,44.060001
43.93,44.099998,43.380001,43.900002,5553700,43.900002
43.740002,44.220001,43.139999,44.029999,10426600,44.029999
44.5,44.619999,44.060001,44.369999,10418800,44.369999
43.66,43.970001,43.400002,43.950001,9092500,43.950001
43.23,43.5,39.919998,42.360001,21613000,42.360001
41.619999,42.439999,41.389999,42.380001,10763800,42.380001
39.810001,41.23,39.540001,41.040001,11737400,41.040001
38.720001,39.419998,38.32,38.830002,14337700,38.830002
37.849998,39.509998,37.669998,38.560001,13602500,38.560001
35.650002,37.18,35.16,37.080002,15867900,37.080002
37.34,37.619999,35.009998,35.650002,20907800,35.650002
35.91,37.869999,35.830002,36.41,16184800,36.41
38.52,38.990002,35.950001,36.59,25072300,36.59
38.02,40.119999,37.529999,39.290001,19623600,39.290001
39.330002,40.68,36.919998,37.75,29036100,37.75
42,42.23,39.200001,39.73,24974500,39.73
44.57,44.650002,43.220001,43.389999,12042100,43.389999
44.25,44.849998,43.720001,44.119999,8568600,44.119999
43.990002,44.290001,42.880001,44.080002,7992100,44.080002
44.360001,44.470001,43.59,43.84,8587100,43.84
45.220001,45.25,44.43,45.16,6416900,45.16
45.540001,45.610001,44.599998,44.82,7860300,44.82
45.389999,45.790001,44.91,45.220001,7040400,45.220001
45.02,45.150002,43.41,44.32,9528600,44.32
44.189999,45.75,43.830002,45.43,7046900,45.43
46.220001,46.860001,41.23,42.290001,18160600,42.290001
47.09,47.25,45.98,46.790001,6314700,46.790001
46.970001,47.09,44.889999,45.720001,8910200,45.720001
46.279999,46.990002,46.259998,46.560001,4035800,46.560001
44.860001,45.419998,44.5,45.27,4868800,45.27
43.889999,45.509998,43.759998,44.799999,8874800,44.799999
46.23,46.720001,45.84,46.439999,7498000,46.439999
45.959999,45.98,44.490002,45.529999,9921200,45.529999
46.91,47.029999,46.139999,46.290001,6115000,46.290001
47.459999,47.66,47.119999,47.27,3894900,47.27
46.310001,47.09,46.25,46.630001,6132200,46.630001
45.400002,46.619999,45.200001,46.139999,5994000,46.139999
44.650002,45.490002,44.43,44.98,6272800,44.98
43.759998,44.650002,43.619999,44.560001,5905200,44.560001
44.790001,44.82,43.029999,44.189999,9478000,44.189999
42.360001,44.790001,42.299999,44.790001,9883200,44.790001
44.27,44.93,42.709999,43.07,9254900,43.07
43.880001,44.84,43.389999,44.740002,5990900,44.740002
44.389999,44.720001,43.619999,43.639999,5964900,43.639999
44.799999,45.09,43.889999,44.259998,9146900,44.259998
42.360001,44.48,42.279999,44.419998,10933300,44.419998
40.919998,42.279999,40.700001,42.18,6827000,42.18
40.549999,41.240002,40.07,40.779999,5695400,40.779999
40.34,41.130001,39.689999,40.740002,6681000,40.740002
41.799999,42.009998,39.310001,40.080002,11823400,40.080002
42.27,42.619999,41.459999,42.110001,6708900,42.110001
42.119999,43.09,41.860001,43.040001,4911900,43.040001
43.099998,43.529999,42.200001,42.290001,7106400,42.290001
41.860001,42.93,41.799999,42.900002,10427900,42.900002
39.919998,41,39.560001,40.82,8721400,40.82
38.82,39.66,38.720001,39.419998,5294800,39.419998
38.939999,39.18,38.700001,39,5297400,39
38.950001,39.23,38.540001,39.189999,4574400,39.189999
38.880001,38.990002,38.66,38.950001,4928000,38.950001
38.91,39.119999,38.599998,38.880001,5982900,38.880001
38.630001,38.860001,38.130001,38.740002,8013300,38.740002
38.150002,38.669998,38.009998,38.619999,6431400,38.619999
37.169998,37.599998,37.16,37.459999,3579600,37.459999
37.130001,37.5,36.959999,37.189999,5217700,37.189999
36.91,37.330002,36.82,37.16,8804700,37.16
36.400002,36.830002,35.849998,36.580002,13104500,36.580002
35.669998,36.34,35.639999,36.299999,6937800,36.299999
35.330002,35.860001,34.91,35.860001,7359400,35.860001
35.209999,35.360001,34.220001,35.049999,14546600,35.049999
35.130001,35.779999,34.990002,35.43,7593900,35.43
35.41,35.639999,35.200001,35.259998,4750100,35.259998
34.73,35.450001,34.639999,35.349998,6525700,35.349998
33.709999,34.330002,33.259998,34.32,6725500,34.32
33.669998,34.349998,33.380001,33.610001,10228000,33.610001
33.169998,33.689999,32.610001,33.619999,9020200,33.619999
33.119999,33.5,32.919998,33.049999,7635000,33.049999
32.419998,33.290001,32.200001,33.27,5291000,33.27
32.950001,33.150002,32.529999,32.91,8159300,32.91
32.650002,33.040001,32.52,32.759998,6509200,32.759998
32.610001,32.970001,32.439999,32.759998,8441000,32.759998
32.360001,32.799999,32.220001,32.790001,6749600,32.790001
31.76,32.240002,31.16,32.209999,10160900,32.209999
31.49,31.6,30.9,31.51,8184200,31.51
32.310001,32.369999,31.559999,31.76,9030700,31.76
32.18,32.299999,31.940001,32.150002,5414900,32.150002
32.130001,32.5,32,32.290001,6268500,32.290001
31.67,32.279999,31.610001,32.23,4962900,32.23
31.1,31.709999,30.91,31.610001,7941600,31.610001
30.690001,31.219999,30.25,31.16,8528700,31.16
29.959999,30.299999,28.48,30.129999,20982100,30.129999
30.049999,30.190001,28.82,29.76,14306100,29.76
30.1,30.540001,29.120001,29.51,17418600,29.51
32.360001,32.450001,30.35,30.469999,17531600,30.469999
32,32.48,31.6,32.450001,9374600,32.450001
31.190001,31.639999,30.629999,31.610001,9232400,31.610001
31.450001,31.68,30.610001,31.040001,13323700,31.040001
33.049999,33.07,31.379999,31.76,15363600,31.76
32.450001,32.529999,32.040001,32.459999,7815700,32.459999
32.630001,32.709999,32.139999,32.439999,8299800,32.439999
31.700001,32.689999,31.700001,32.66,8257100,32.66
30.969999,31.66,30.93,31.610001,8308000,31.610001
30.58,30.82,30.24,30.66,8689400,30.66
29.99,30.35,29.65,30.290001,11793100,30.290001
30.809999,30.85,29.92,29.93,12996400,29.93
30.51,30.620001,29.969999,30.48,9458800,30.48
30.32,30.469999,29.4,30.110001,11395300,30.110001
30.809999,30.91,30.040001,30.200001,9754700,30.200001
30.02,30.57,29.83,30.4,9457700,30.4
30.780001,31.139999,29.17,30.26,16806000,30.26
30.34,30.91,30.190001,30.84,13161900,30.84
29.18,29.860001,29.16,29.629999,12245100,29.629999
28.67,29.200001,27.91,28.440001,22233400,28.440001
30.870001,30.940001,28.77,29.25,25010500,29.25
29.82,30.629999,29.610001,30.450001,13540000,30.450001
30.93,31.34,30.26,30.43,11327500,30.43
30.52,30.98,29.889999,30.9,9718400,30.9
31.700001,31.700001,30.43,30.709999,13609300,30.709999
31.4,31.6,31.02,31.450001,8056900,31.450001
31.27,31.49,30.77,31.209999,10051900,31.209999
30.950001,31.360001,30.85,31.24,11867500,31.24
29.27,30.18,28.65,29.43,21906200,29.43
31.709999,32.290001,30.57,31.200001,15262700,31.200001
31.110001,31.879999,30.98,31.690001,9986700,31.690001
32.169998,32.349998,31.18,31.6,13002500,31.6
32.16,32.450001,31.43,32.060001,10905900,32.060001
32.02,32.610001,31.91,32.09,8575300,32.09
32.610001,32.830002,31.700001,31.870001,13006500,31.870001
31.34,32.330002,30.77,32.23,12093600,32.23
32.849998,33.189999,30.77,30.99,20450800,30.99
33.150002,33.34,32.369999,33.299999,10924600,33.299999
32.459999,33.139999,32.259998,32.849998,11639900,32.849998
31.139999,32.419998,31.129999,32.34,18241200,32.34
31.9,32.200001,31.27,32.119999,17333600,32.119999
30.860001,31.82,30.58,31.469999,16242600,31.469999
30.49,30.940001,30.030001,30.35,13750600,30.35
29.450001,30.98,29.27,30.33,27311100,30.33
26.41,28.65,26.379999,28.65,23267600,28.65
26.5,26.76,25.379999,26.1,32577400,26.1
26.940001,27.4,26.5,27.02,28447300,27.02
28.280001,28.700001,26.32,26.639999,45493800,26.639999
28.23,29.9,28.17,28.610001,33468300,28.610001
31.49,31.879999,30.709999,31.030001,18569000,31.030001
31.15,32.139999,30.07,30.540001,29672700,30.540001
31.49,33.080002,31.34,32.799999,17011900,32.799999
32.049999,32.580002,29.58,31.49,19308100,31.49
34.52,34.599998,31.67,32.330002,22175500,32.330002
36.060001,36.119999,34.639999,35.540001,13686300,35.540001
36.349998,36.619999,36.139999,36.5,4551000,36.5
35.869999,36.02,35.32,35.959999,6181900,35.959999
35.48,36,35.32,35.529999,5603600,35.529999
35.709999,35.830002,35.189999,35.57,4682000,35.57
36.009998,36.09,35.349998,35.790001,6049800,35.790001
34.950001,35.990002,34.950001,35.919998,9066000,35.919998
35.68,36.259998,33.950001,34.5,10196500,34.5
35.27,35.860001,34.849998,35.77,6413000,35.77
35.139999,35.279999,34.779999,34.959999,5382000,34.959999
34.93,35.27,34.759998,35.07,6689000,35.07
34.740002,35.220001,34.66,35.130001,6810200,35.130001
34.490002,34.77,34,34.349998,8063900,34.349998
34.009998,34.380001,33.560001,33.919998,6211700,33.919998
33.880001,34.02,33.48,33.720001,8118600,33.720001
34.790001,34.82,33.869999,34.380001,5707500,34.380001
34.77,34.959999,34.189999,34.32,5098200,34.32
35.52,35.59,34.68,34.950001,6419200,34.950001
35.560001,35.66,35.349998,35.380001,6252100,35.380001
34.650002,34.939999,34.439999,34.830002,3504300,34.830002
33.369999,34.25,33.25,34.139999,6473600,34.139999
33.43,33.59,32.880001,32.950001,9019200,32.950001
33.27,33.599998,33.029999,33.200001,7013700,33.200001
31.59,33.490002,31.08,33.43,16837200,33.43
30.76,31.5,30.389999,31.27,9839700,31.27
31.6,31.719999,31,31.190001,6770500,31.190001
31.33,31.51,30.959999,31.24,7689100,31.24
31.58,31.799999,30.639999,31.25,10886600,31.25
33.040001,33.099998,31.26,31.389999,11136000,31.389999
32.919998,33.16,32.77,32.950001,5337400,32.950001
33.119999,33.310001,32.82,33.139999,6763300,33.139999
32.5,33.080002,32.400002,32.880001,6482300,32.880001
32.240002,32.290001,31.459999,31.77,9177200,31.77
31.059999,32.080002,30.610001,31.99,11198900,31.99
31.879999,32.16,30.879999,31.67,11013100,31.67
32.869999,32.900002,32.25,32.48,7037700,32.48
33.299999,33.32,32.709999,32.75,2409000,32.75
33.380001,33.380001,33.049999,33.139999,4272000,33.139999
33.380001,33.630001,33.080002,33.18,6501100,33.18
33.82,33.830002,33.200001,33.380001,6214600,33.380001
33.189999,33.490002,33.009998,33.490002,6305900,33.490002
32.290001,33.27,32.25,32.98,10581500,32.98
30.969999,32.450001,30.92,31.950001,14369200,31.950001
31.860001,32.009998,30.92,31.280001,11817800,31.280001
32.189999,32.5,31.57,31.65,8122900,31.65
31.52,31.74,31.469999,31.73,5227400,31.73
31.030001,31.370001,30.91,31.309999,6279700,31.309999
30.4,31.07,30.370001,30.950001,6954600,30.950001
30.719999,31,30.530001,30.82,7274900,30.82
30.65,30.83,30.469999,30.790001,5563100,30.790001
29.790001,30.68,29.700001,30.66,10437900,30.66
30.65,30.67,29.25,29.440001,13366400,29.440001
30.370001,30.530001,29.940001,30.51,6740800,30.51
29.76,30.17,29.549999,30.02,7832700,30.02
29.4,29.99,29.24,29.950001,6967500,29.950001
29.25,29.459999,28.84,29.059999,8689600,29.059999
28.940001,29.49,28.719999,29,10539400,29
29.23,29.309999,28.42,28.85,11407000,28.85
29.120001,29.32,28.84,29.309999,7942100,29.309999
29.07,29.209999,28.780001,29.049999,7141900,29.049999
29.17,29.25,28.77,29.219999,8003900,29.219999
28.860001,29.280001,28.639999,29.129999,9683000,29.129999
28.530001,28.73,27.790001,28.67,15648600,28.67
29.58,29.700001,28.709999,28.870001,13148700,28.870001
29.85,29.870001,28.719999,29.02,13072000,29.02
29.379999,29.77,28.67,29.18,19115800,29.18
27.1,28.940001,27.07,28.91,23959700,28.91
25.719999,27.43,25.360001,27.389999,26013100,27.389999
25.83,26.309999,24.290001,24.450001,23757800,24.450001
25.35,26.43,24.84,26.040001,23803700,26.040001
25.83,26.790001,25.76,26.33,18875600,26.33
24.49,25.879999,24.469999,25.85,30329300,25.85
22.85,23.950001,22.219999,23.549999,28650100,23.549999
23.950001,24.040001,22.52,22.85,28563000,22.85
24.860001,25.200001,23.91,23.959999,15604700,23.959999
25.49,26.110001,25.15,25.940001,12746300,25.940001
26.58,26.700001,24.57,25.780001,23321600,25.780001
27.120001,27.450001,26.549999,26.809999,11198200,26.809999
26.76,27.700001,26.67,27.67,10126400,27.67
26.549999,27.49,26.41,26.790001,12869100,26.790001
28.48,28.559999,27.5,27.799999,11549200,27.799999
28.85,29.030001,28.5,28.950001,8023700,28.950001
28.389999,28.74,28.040001,28.41,11763100,28.41
28.379999,28.82,28.040001,28.33,10926300,28.33
28.629999,28.75,27.66,28.209999,10036600,28.209999
29.049999,29.389999,28.540001,28.549999,11047900,28.549999
29.34,29.450001,28.74,29.1,9760100,29.1
27.83,29.299999,27.450001,28.950001,16605100,28.950001
27.73,28.08,27.709999,27.950001,6384500,27.950001
28.01,28.09,27.459999,27.66,8015400,27.66
27.52,27.620001,26.879999,27.379999,6086500,27.379999
27.51,27.9,26.9,26.940001,9249900,26.940001
26.459999,27.530001,26.360001,27.41,8325700,27.41
26.379999,26.59,26.200001,26.559999,6850000,26.559999
24.98,25.76,24.84,25.639999,6683700,25.639999
25.26,25.34,24.01,24.709999,11830300,24.709999
24.41,24.99,24.33,24.92,7011100,24.92
24.290001,24.540001,24.129999,24.4,6754100,24.4
24.49,24.58,23.809999,24.34,13787200,24.34
23.889999,23.9,23,23.41,10637800,23.41
23.870001,24.42,23.700001,23.719999,12099700,23.719999
24,24.6,23.690001,24.209999,12065600,24.209999
25.09,25.49,24.030001,24.200001,20374800,24.200001
27.469999,27.67,26.209999,26.280001,8365600,26.280001
26.9,27.23,26.67,27.18,7105500,27.18
26.370001,26.83,26.32,26.66,8734900,26.66
26.09,27.120001,25.559999,26.059999,25188500,26.059999
26.139999,27.219999,26.01,26.559999,9341100,26.559999
26.870001,27.040001,26.17,26.25,8879400,26.25
26.530001,27.41,26.469999,26.99,11339600,26.99
26.99,27.129999,26.4,26.49,18234800,26.49
28.379999,28.5,27.879999,27.940001,7733200,27.940001
28.200001,28.370001,27.530001,28.18,9385800,28.18
27.17,28.049999,27.15,27.92,6891000,27.92
28.16,28.43,27.5,27.799999,9960500,27.799999
28.280001,28.4,27.620001,28.190001,9152600,28.190001
27.629999,27.93,26.99,27.73,10742400,27.73
28.77,28.85,27.809999,28.030001,10811300,28.030001
28.65,29,28.5,28.9,6555500,28.9
27.860001,28.610001,27.83,28.549999,6679600,28.549999
27.74,27.969999,27.59,27.879999,9768500,27.879999
26.52,27.620001,26.48,26.99,12928800,26.99
26.049999,26.52,25.809999,26.43,7900300,26.43
26.030001,26.27,25.709999,25.959999,8138300,25.959999
25.92,26.4,25.469999,26.32,8575800,26.32
25.309999,26.290001,25.25,26.209999,8044400,26.209999
26.1,26.129999,25.299999,25.57,11298900,25.57
26.040001,26.26,25.48,25.9,10851100,25.9
25.41,25.879999,25.139999,25.780001,9222800,25.780001
24.559999,25.389999,24.25,25.24,10817700,25.24
24.52,25.030001,24.43,24.719999,11328000,24.719999
23.84,24.360001,23.6,24.32,10429800,24.32
24.209999,24.26,23.25,23.49,12035800,23.49
23.889999,24.32,23.700001,24.17,7024100,24.17
23.889999,24.02,23.49,23.65,8903800,23.65
24.01,24.110001,23.620001,23.870001,9548400,23.870001
23.049999,23.379999,22.940001,23.280001,13444700,23.280001
23.190001,23.290001,22.870001,23.049999,11467500,23.049999
22.209999,22.719999,22.09,22.559999,17139500,22.559999
21.1,21.65,20.77,21.65,20278200,21.65
20.120001,20.67,20.02,20.549999,11219100,20.549999
20.389999,20.870001,20.02,20.309999,21247500,20.309999
20.280001,20.959999,20.23,20.58,15583400,20.58
19.49,20.299999,19.33,19.98,24246500,19.98
19.559999,19.879999,19.41,19.860001,14734000,19.860001
19.15,19.18,18.73,19.110001,15674100,19.110001
18.719999,18.799999,18.309999,18.690001,24286100,18.690001
18.32,18.790001,17.9,18.17,45347400,18.17
19.209999,19.43,18.23,19.299999,34531900,19.299999
20.15,20.27,17.940001,18.48,53799400,18.48
20.889999,22,20.719999,21.049999,27890400,21.049999
20.84,21.059999,20.74,21.030001,13542200,21.030001
20.84,20.959999,20.35,20.77,16358400,20.77
20.870001,21.35,20.280001,20.34,23016900,20.34
20.01,21.07,19.74,20.940001,25027500,20.940001
21.73,21.780001,19.76,20.01,36256800,20.01
21.809999,22.25,21.09,21.23,26320800,21.23
22.790001,22.870001,22.379999,22.719999,13650200,22.719999
22.110001,22.540001,21.790001,22.48,21618500,22.48
21.07,21.51,20.08,21.49,25348200,21.49
21.799999,22,21.15,21.27,24801400,21.27
22.35,22.530001,21.51,22.23,19378100,22.23
22.48,22.6,21.280001,22.51,26167900,22.51
23,23.290001,22.4,22.43,17751700,22.43
23.17,23.48,22.9,23.24,13448100,23.24
23.190001,23.42,22.690001,23.209999,18938600,23.209999
23.65,23.809999,23.25,23.58,10218700,23.58
22.66,23.049999,22.5,22.969999,12438700,22.969999
21.969999,23.110001,21.950001,22.950001,18864400,22.950001
23.58,23.74,22.74,23.120001,23503100,23.120001
23.719999,23.809999,23.23,23.370001,13776000,23.370001
23.610001,23.959999,23.57,23.58,9557100,23.58
23.42,23.99,23.370001,23.879999,14071300,23.879999
23.370001,23.629999,23.059999,23.32,12079400,23.32
23.459999,23.73,23.27,23.559999,14200500,23.559999
23.65,23.83,23.41,23.74,11656100,23.74
23.360001,23.59,23.15,23.52,8141100,23.52
23.01,23.42,22.76,23.379999,12466300,23.379999
23.4,23.49,22.68,23.139999,14551900,23.139999
23.540001,23.74,23.139999,23.620001,9637800,23.620001
23.879999,23.99,23.43,23.76,11221900,23.76
23.18,23.700001,23.139999,23.530001,8328000,23.530001
23.190001,23.280001,22.98,23.16,14550000,23.16
22.27,22.77,22.209999,22.66,14733200,22.66
22.68,22.76,21.82,21.860001,20152700,21.860001
22.690001,22.969999,22.309999,22.9,9752800,22.9
22.9,23.08,22.530001,22.639999,9847100,22.639999
22.299999,22.65,22.02,22.530001,11908500,22.530001
23.030001,23.139999,22.389999,22.540001,11112200,22.540001
22.85,23.129999,22.6,22.74,12881800,22.74
22.48,22.99,21.110001,22.879999,18677000,22.879999
21.209999,22.02,20.73,21.780001,16561500,21.780001
20.16,21.43,20.040001,21.27,18798400,21.27
20.860001,20.9,19.43,19.93,23583400,19.93
22.66,22.68,20.049999,20.860001,36455300,20.860001
22.780001,23.52,22.440001,23.459999,19834700,23.459999
25.34,25.690001,21.450001,22.450001,29924500,22.450001
24.75,25.57,24.49,25.51,14134400,25.51
25.09,25.51,24.870001,25.040001,14174800,25.040001
24.629999,25.049999,24.530001,24.969999,13719500,24.969999
24.23,24.59,23.809999,24.35,14442900,24.35
23.58,24.040001,23.23,24,15631700,24
22.15,23.389999,22.02,23.370001,19137700,23.370001
23.129999,23.459999,22.52,23.43,16238800,23.43
24,24.120001,22.84,23.07,15871700,23.07
23.6,23.99,23.51,23.98,13644900,23.98
23.42,23.540001,22.98,23.219999,11106000,23.219999
23.309999,23.42,23.120001,23.309999,11077600,23.309999
22.870001,23.42,22.68,23.23,13965000,23.23
23.26,23.58,22.950001,23.48,12234600,23.48
23.15,23.450001,22.17,22.83,20693400,22.83
22.889999,22.98,22.209999,22.549999,10850700,22.549999
22.58,23.120001,22.17,22.5,19980500,22.5
22.75,23.299999,22.530001,23.16,15483200,23.16
22.49,22.58,20.83,21.969999,28045100,21.969999
21.75,23.030001,21.68,22.02,20861200,22.02
23.110001,23.34,22.700001,23.219999,15581300,23.219999
23.08,23.32,22.809999,23.219999,11954900,23.219999
22.75,22.950001,22.25,22.799999,15227400,22.799999
22.98,23.129999,21.9,22.65,23319800,22.65
22.129999,23.07,22.040001,23.01,13393200,23.01
22.200001,22.25,21.48,22.120001,18805300,22.120001
21.469999,21.84,21.280001,21.84,11839900,21.84
21.76,21.780001,20.98,21.389999,13517500,21.389999
21.469999,21.620001,21.25,21.49,19665300,21.49
19.530001,20.85,19.42,20.790001,13792900,20.790001
19.23,20.139999,18.73,19.809999,22246600,19.809999
20.82,21.15,20.120001,20.129999,17811400,20.129999
19.379999,21.059999,19.16,20.73,21093500,20.73
19.26,19.76,18.129999,19.440001,31344200,19.440001
23.040001,23.32,19,19.18,26248800,19.18
22.049999,22.309999,21.639999,22.299999,12319600,22.299999
21.959999,21.959999,20.780001,21.57,21689500,21.57
24.02,24.049999,21.889999,21.98,18434700,21.98
23.280001,24.17,23.280001,24.120001,11780300,24.120001
23.15,23.25,22.59,23.120001,10365200,23.120001
22.440001,23.049999,22.290001,22.940001,7210600,22.940001
22.76,22.99,22.200001,22.559999,12077700,22.559999
22.52,22.9,22.35,22.719999,12810800,22.719999
22.190001,22.58,21.99,22.48,9403400,22.48
21.83,22.190001,21.799999,22.110001,10859800,22.110001
21.889999,21.940001,20.790001,21.65,14487800,21.65
21.07,21.629999,20.98,21.58,12044300,21.58
21.059999,21.860001,20.99,21.49,10688600,21.49
21.43,21.68,20.58,20.610001,12360300,20.610001
21.799999,22.33,21.799999,22.040001,16062700,22.040001
20.9,21.42,20.75,20.940001,10652100,20.940001
21.91,22.200001,21,21.07,14798300,21.07
21.459999,22.620001,21.34,22.459999,10990600,22.459999
22.440001,22.469999,21.530001,21.83,7824500,21.83
22.49,22.780001,21.98,22.389999,11149800,22.389999
22.559999,22.91,21.24,22.57,18368400,22.57
22.120001,22.83,22.030001,22.700001,10998500,22.700001
21.49,22.23,21.1,22.110001,12603400,22.110001
20.41,21.57,20.290001,21.49,11232300,21.49
20.6,20.67,20.200001,20.209999,8385500,20.209999
20.07,20.52,19.959999,20.309999,10449300,20.309999
19.67,20.08,19.6,19.9,9832500,19.9
19.639999,20,19.48,19.91,10148500,19.91
19.49,19.6,19.24,19.58,9066800,19.58
19.41,19.57,19.120001,19.530001,11044900,19.530001
19.4,19.440001,18.879999,19.040001,10722300,19.040001
18.959999,19.15,18.629999,19.08,11308000,19.08
18.620001,18.969999,18.5,18.879999,11486400,18.879999
18.530001,18.940001,18.43,18.84,15097800,18.84
18.440001,18.84,18.200001,18.48,23776500,18.48
18.209999,18.709999,17.73,18.6,37839900,18.6
14.92,16.75,14.78,16.59,25489300,16.59
16.040001,16.469999,15.6,15.7,17217900,15.7
16.610001,16.77,15.54,16.58,18781600,16.58
17.23,17.27,16.549999,16.58,8681100,16.58
17.51,17.59,17.280001,17.51,4538900,17.51
16.91,17.5,16.83,17.209999,17141500,17.209999
18.91,19.02,18.27,18.42,14451800,18.42
20.049999,20.049999,18.83,18.870001,12282500,18.870001
19.58,20.15,19.48,20.01,12499500,20.01
18.57,19.309999,18.540001,19.290001,7940600,19.290001
18.68,18.790001,18.4,18.639999,10559600,18.639999
19.17,19.26,18.459999,18.76,10709600,18.76
19.700001,19.809999,19.07,19.129999,10657300,19.129999
19.219999,19.639999,19.110001,19.610001,9165600,19.610001
19.059999,19.190001,18.83,18.98,6710000,18.98
18.879999,19.25,18.450001,19.25,7256000,19.25
18.790001,18.860001,18.41,18.559999,8293400,18.559999
18.48,18.889999,18.049999,18.799999,12179300,18.799999
18.65,18.940001,18.219999,18.48,11602300,18.48
19.690001,19.75,18.76,18.809999,10911700,18.809999
19.75,19.75,19.01,19.219999,9867300,19.219999
19.6,19.690001,19.15,19.58,10929800,19.58
18.48,19.370001,18.09,19.309999,14972800,19.309999
19.34,19.5,18.73,18.780001,12850500,18.780001
18.719999,19.24,18.620001,19.200001,11046700,19.200001
18.700001,19.059999,18.530001,19.059999,6382800,19.059999
18.440001,18.74,18.08,18.23,10483700,18.23
18.280001,18.42,17.969999,18.370001,17482800,18.370001
17.24,18.1,17.23,18.08,17792000,18.08
16.1,16.67,15.53,16.629999,18424700,16.629999
16.09,16.379999,15.4,15.93,14155700,15.93
17.129999,17.18,15.8,16.07,15526600,16.07
16.299999,17.08,16.190001,16.65,13820300,16.65
15.87,16.719999,15.84,16.65,10317800,16.65
15.49,16.17,15.47,15.66,13800100,15.66
15.8,16.16,15.57,15.66,16096700,15.66
16.75,16.85,15.57,15.8,20791300,15.8
16.700001,17.34,16.540001,17.139999,10392500,17.139999
16.65,16.77,16.16,16.57,12441800,16.57
17.59,17.66,16.83,16.889999,14293800,16.889999
16.24,17.370001,16.209999,17.33,12460700,17.33
16.76,16.790001,15.94,16.08,11487200,16.08
16.41,16.67,15.98,16.42,11553900,16.42
16.51,16.59,15.98,16.370001,13225400,16.370001
16.27,16.309999,15.83,15.93,12459300,15.93
16.52,16.620001,15.86,16.08,19946600,16.08
17.33,17.51,16.799999,17.49,10753700,17.49
18.280001,18.290001,17.07,17.27,16210700,17.27
18.26,18.68,18.15,18.42,9460400,18.42
18.200001,18.5,17.99,18.379999,9317800,18.379999
18.08,18.27,17.92,18.17,9243800,18.17
17.32,17.82,16.969999,17.780001,12006300,17.780001
17.65,17.799999,17.07,17.17,14610600,17.17
17.379999,17.59,17.23,17.360001,8217500,17.360001
17.110001,17.24,16.74,17.15,11635500,17.15
17.68,17.76,16.84,16.940001,12746300,16.940001
17.639999,17.870001,17.52,17.709999,7163800,17.709999
18.219999,18.41,17.690001,17.9,13118100,17.9
17.4,17.68,17.27,17.67,7677200,17.67
17.16,17.469999,16.76,17.24,9475900,17.24
17.07,17.23,16.6,17.17,7781200,17.17
17.43,17.91,16.73,16.84,12522600,16.84
17.190001,17.58,16.860001,17.02,14588400,17.02
16.58,17.59,16.35,17.530001,11007800,17.530001
16.42,16.65,15.72,16.09,13107300,16.09
18.32,18.32,16.68,16.75,12352700,16.75
17.66,18.25,17.559999,18.09,9052000,18.09
17.719999,18.09,17.559999,17.870001,7273200,17.870001
17.41,17.76,17.1,17.74,11508100,17.74
17.860001,17.92,17.469999,17.559999,10816400,17.559999
17,17.610001,16.84,17.540001,11709700,17.540001
16.690001,17.120001,16.68,17.09,9530500,17.09
17.93,18.24,16.9,17.02,18111200,17.02
16.379999,17.709999,16.08,17.610001,17059500,17.610001
16.27,16.49,15.87,16.389999,13556400,16.389999
15.87,16.309999,15.69,15.96,11771400,15.96
16.559999,17.09,15.81,15.85,11927600,15.85
16.219999,16.860001,16.17,16.790001,10857900,16.790001
14.73,15.91,14.71,15.9,13334100,15.9
14.09,14.48,14.02,14.39,7352700,14.39
13.86,14.06,13.62,14.01,7816900,14.01
13.71,14,13.4,13.89,9757200,13.89
13.46,13.65,13.33,13.48,8499400,13.48
13.86,14.13,13.74,13.77,7923300,13.77
13.88,14.09,13.77,13.81,8339000,13.81
14.31,14.43,14.04,14.08,6594500,14.08
13.46,14.29,13.43,14.19,8821900,14.19
13.83,13.87,13.44,13.6,9081900,13.6
13.78,14.07,13.61,13.9,10763100,13.9
14.6,14.65,13.88,14,14412900,14
14.3,14.44,14.03,14.39,7451500,14.39
14.16,14.52,13.98,14.42,7190600,14.42
13.79,14.03,13.56,14.01,7947300,14.01
13.74,14.07,13.66,13.73,6972200,13.73
14.45,14.52,13.72,13.75,11609400,13.75
14.12,14.54,14.07,14.54,8835700,14.54
13.76,14.17,13.67,14.16,6401700,14.16
13.74,14.07,13.61,13.91,5842800,13.91
13.34,13.87,13.24,13.84,7588800,13.84
13.92,13.99,13.28,13.31,6528700,13.31
13.58,13.87,13.5,13.68,8861500,13.68
13.02,13.41,12.93,13.41,9505800,13.41
11.97,12.53,11.83,12.52,12771200,12.52
12.22,12.41,11.97,12.27,11115100,12.27
12.11,12.35,11.97,11.97,9460900,11.97
12.75,12.87,12.32,12.35,9005300,12.35
12.81,12.88,12.48,12.62,11992400,12.62
12.14,12.34,11.9,12.3,12852600,12.3
11.33,11.61,10.96,11.45,15367900,11.45
11.78,11.82,10.91,11.3,16279600,11.3
11.62,12.06,11.21,11.82,13916700,11.82
12.97,13.14,12.52,12.63,11351400,12.63
13.15,13.39,12.86,13.39,9041500,13.39
13.13,13.42,12.96,13.07,8771800,13.07
12.94,13.28,12.58,13.21,12461400,13.21
12.62,12.87,12.45,12.73,8800200,12.73
12.09,12.61,12.06,12.6,11837100,12.6
11.73,12.19,11.44,11.92,14898700,11.92
11.67,12.12,11.48,12,11965900,12
12.17,12.35,11.42,11.64,11511300,11.64
11.95,12.11,11.66,11.97,8663400,11.97
11.43,11.92,11.41,11.89,10960300,11.89
12.13,12.14,11.61,11.75,11374900,11.75
12.05,12.4,12.02,12.21,8168000,12.21
11.49,12.01,11.33,11.97,13467800,11.97
11.16,11.31,11,11.25,13065500,11.25
10.09,10.56,9.9,10.53,12942800,10.53
10.47,10.61,10.2,10.23,15553700,10.23
10.31,10.43,9.9,10.29,15748300,10.29
10.14,10.19,9.88,10,18872200,10
10.12,10.83,9.95,10.78,10108200,10.78
11.05,11.18,9.74,9.77,18055000,9.77
10.66,11.09,10.23,11.08,13380800,11.08
10.81,10.87,10.48,10.65,13087400,10.65
9.68,10.48,9.58,10.45,15720100,10.45
9.33,9.77,9.2,9.63,11112000,9.63
8.78,9.26,8.64,9.26,13850400,9.26
8.94,9.22,8.55,8.7,14690100,8.7
9.09,9.23,8.79,9.19,15302700,9.19
10.28,10.34,9.02,9.05,15304400,9.05
9.35,9.94,9.3,9.91,10918000,9.91
9.74,9.8,9.35,9.4,14532800,9.4
8.95,9.34,8.88,9.34,13133000,9.34
8.42,8.75,8.41,8.68,12844200,8.68
8.34,8.52,8.06,8.47,18781700,8.47
8.25,8.5,8.14,8.15,22032000,8.15
8.94,9.2,8.5,8.89,21307700,8.89
9.48,9.48,9.05,9.05,15063500,9.05
9.6,9.8,9.41,9.77,9117100,9.77
9.22,9.36,9.15,9.3,11722000,9.3
9.35,9.41,8.86,9.22,20583300,9.22
8.88,9.38,8.59,9.3,28587200,9.3
9.59,10,8.8,9.15,22903500,9.15
8.59,9.49,8.48,9.48,14680800,9.48
9.23,9.28,8.41,8.57,19163400,8.57
9.73,9.85,9.19,9.19,17442500,9.19
10.15,10.32,9.61,9.65,14047900,9.65
10.47,10.67,9.97,9.99,12257400,9.99
10.7,10.86,10.51,10.54,11631200,10.54
11.07,11.56,11.03,11.18,8098400,11.18
11.34,11.5,11.2,11.38,7763300,11.38
10.89,11.39,10.67,11.01,13741200,11.01
11.33,11.53,10.73,11.45,11143500,11.45
11.15,11.69,11.1,11.59,6169700,11.59
11.82,11.86,11.25,11.42,7816100,11.42
12.32,12.39,11.78,11.93,5900000,11.93
12.05,12.33,11.92,12.2,5076500,12.2
11.96,12.46,11.94,12.33,5379100,12.33
12.06,12.15,11.86,11.93,4536000,11.93
12.25,12.33,11.97,12.2,7216600,12.2
11.77,12.3,11.69,12.2,6321700,12.2
11.55,11.82,11.49,11.79,8013000,11.79
10.88,11.1,10.81,11.1,6325100,11.1
10.65,10.9,10.4,10.83,8689500,10.83
11.1,11.34,11.08,11.22,7676300,11.22
10.98,11.22,10.55,10.84,9130100,10.84
11,11.26,10.82,10.92,8405400,10.92
10.93,11.26,10.88,11.11,7482700,11.11
10.76,10.86,10.2,10.57,10216700,10.57
11.09,11.1,10.36,10.37,11154600,10.37
10.35,11.13,10.29,11.08,9942500,11.08
10.5,10.58,10.15,10.22,10073000,10.22
10.76,10.91,9.93,9.94,15961300,9.94
10.86,11.27,10.8,10.81,11122600,10.81
11.51,11.84,11.44,11.55,7787200,11.55
11.48,11.92,11.18,11.81,9835600,11.81
12.35,12.46,11.72,12.05,8422200,12.05
12.22,12.75,12.15,12.29,7216200,12.29
12.5,12.51,11.99,12.27,9530500,12.27
11.21,12.11,11.2,11.98,12989300,11.98
12.02,12.21,10.9,11.9,10026300,11.9
13.14,13.23,12.01,12.05,12347400,12.05
12.69,13.44,12.68,13.36,9024200,13.36
11.5,12.29,11.31,12.24,12121700,12.24
11.06,11.56,10.83,11.41,12565900,11.41
11.26,11.71,11.11,11.58,12920600,11.58
10.3,11.05,10.22,11.05,7952600,11.05
10.03,10.64,9.99,10.58,6791700,10.58
10,10.04,9.84,9.96,3790900,9.96
9.7,9.95,9.62,9.95,6360600,9.95
10.21,10.25,9.54,9.79,7667300,9.79
9.98,10.22,9.91,10.13,6558800,10.13
9.4,9.74,9.38,9.7,4756900,9.7
9.22,9.46,9.2,9.26,8487000,9.26
8.97,9.15,8.92,9.09,5442900,9.09
8.45,8.77,8.4,8.76,4643200,8.76
8.48,8.66,8.27,8.35,10632300,8.35
8.98,9.12,8.87,9.05,5979300,9.05
9.13,9.19,8.97,9.03,5623200,9.03
9.03,9.18,8.96,9.12,7858900,9.12
8.96,9.13,8.73,8.95,6112300,8.95
8.61,8.84,8.59,8.81,5395800,8.81
8.48,8.99,8.44,8.69,6882000,8.69
9.27,9.34,8.73,8.78,11646000,8.78
8.58,9.2,8.49,9.14,8900200,9.14
8.31,8.6,8.28,8.58,6992400,8.58
8.44,8.46,8.23,8.35,6202600,8.35
8.38,8.45,8.13,8.35,7164500,8.35
7.75,8.27,7.61,8.23,12895100,8.23
8.37,8.37,7.88,7.96,14343900,7.96
8.58,8.59,7.88,8.44,15475300,8.44
8.54,8.72,8.41,8.72,9972300,8.72
8.37,8.45,7.54,8.08,16643300,8.08
9.24,9.31,8.82,8.82,16402100,8.82
9.52,9.56,9.22,9.28,5697600,9.28
9.57,9.6,9.38,9.5,5540200,9.5
9.41,9.61,9.37,9.61,4035700,9.61
9.38,9.5,9.3,9.5,6300000,9.5
8.91,9.01,8.84,9.01,4886500,9.01
8.71,8.87,8.63,8.74,5569900,8.74
8.7,8.75,8.43,8.52,4398800,8.52
8.47,8.63,8.39,8.52,7489800,8.52
8.47,8.81,8.46,8.79,3833700,8.79
8.78,8.82,8.46,8.61,6171600,8.61
8.23,8.63,8.13,8.6,8281300,8.6
8.06,8.28,8.03,8.23,4134300,8.23
8.09,8.34,8.03,8.27,8672400,8.27
7.8,8.09,7.75,8.06,6536500,8.06
7.74,7.86,7.64,7.83,6362700,7.83
7.4,7.64,7.32,7.63,6081400,7.63
7.54,7.66,7.31,7.36,7633900,7.36
7.34,7.35,7.06,7.29,7117100,7.29
7.43,7.52,7.15,7.5,5666500,7.5
7.45,7.48,7.37,7.39,5564500,7.39
7.59,7.67,7.48,7.52,5088800,7.52
7.33,7.42,7.26,7.37,3306600,7.37
7.2,7.33,7.06,7.25,5765800,7.25
6.9,7.16,6.82,7.15,4373600,7.15
6.77,7,6.68,6.99,6686900,6.99
6.82,6.91,6.77,6.86,5366800,6.86
6.65,6.67,6.51,6.51,3758700,6.51
6.52,6.65,6.52,6.63,3525300,6.63
6.79,6.81,6.45,6.47,4120200,6.47
6.73,6.84,6.71,6.75,3319000,6.75
6.93,6.98,6.65,6.71,5573300,6.71
7.04,7.19,6.8,6.88,7039500,6.88
6.53,6.92,6.44,6.92,8614200,6.92
6.37,6.49,6.37,6.47,5303300,6.47
6.11,6.23,6.04,6.11,4530400,6.11
6.2,6.21,5.96,6.04,8867900,6.04
5.99,6.08,5.92,6.01,5357500,6.01
5.8,5.88,5.65,5.78,4023800,5.78
5.89,6.02,5.69,5.81,8252500,5.81
5.68,5.78,5.56,5.78,4177900,5.78
5.51,5.83,5.51,5.82,4737800,5.82
5.54,5.6,5.39,5.45,6157100,5.45
5.81,5.81,5.57,5.7,5610200,5.7
5.86,5.96,5.82,5.88,5445900,5.88
6.1,6.11,5.79,5.85,5382000,5.85
6.01,6.11,5.83,5.85,8213800,5.85
5.68,5.88,5.66,5.84,10120200,5.84
5.58,5.73,5.54,5.71,8046400,5.71
5.17,5.29,5.12,5.23,5548300,5.23
5.24,5.28,5.09,5.13,12369700,5.13
4.97,5.07,4.9,4.91,3464500,4.91
5.09,5.13,4.97,4.99,8518400,4.99
5.08,5.23,5.03,5.21,6290100,5.21
4.91,5.15,4.88,5.11,8819400,5.11
5.14,5.18,5.01,5.17,6906500,5.17
5.21,5.26,4.91,5.03,12298600,5.03
5.37,5.57,5.23,5.27,6242900,5.27
5.38,5.59,5.33,5.53,6084900,5.53
5.53,5.54,5.37,5.47,4641700,5.47
5.6,5.68,5.58,5.61,8123100,5.61
5.38,5.41,5.05,5.39,11017300,5.39
5.81,5.86,5.05,5.09,16147900,5.09
6.09,6.29,5.9,6.27,7667100,6.27
5.93,6.01,5.76,5.99,6634500,5.99
5.92,6.05,5.72,5.93,12073400,5.93
5.95,6.09,5.6,6.07,8986500,6.07
5.82,5.85,5.6,5.78,11898900,5.78
5.59,5.88,5.41,5.62,24003500,5.62
7.01,7.08,6.56,6.56,7589100,6.56
7.16,7.4,7.09,7.33,6295200,7.33
7.11,7.37,6.97,7.3,13550000,7.3
6.43,6.48,6,6.45,7387900,6.45
6.58,6.59,6.16,6.21,11171000,6.21
6.34,6.68,6.34,6.66,6767200,6.66
6.18,6.29,6.09,6.27,6809400,6.27
5.97,6.04,5.71,5.95,8585400,5.95
6.51,6.58,5.9,6.02,10979000,6.02
6.25,6.69,6.03,6.48,7997600,6.48
7,7,6.23,6.27,8941600,6.27
6.92,7.05,6.77,7.02,6808100,7.02
6.56,6.66,6.35,6.64,9041000,6.64
6.42,6.74,6.4,6.62,10643300,6.62
6.06,6.25,6.05,6.21,5487000,6.21
5.95,6.15,5.95,6.14,5904800,6.14
5.93,5.94,5.62,5.72,9184500,5.72
5.7,5.83,5.6,5.83,6687500,5.83
5.53,5.74,5.43,5.72,10999200,5.72
4.99,5.49,4.91,5.46,13900000,5.46
5.36,5.49,5.11,5.12,9658400,5.12
5.67,5.79,5.45,5.48,7794600,5.48
5.99,6.06,5.63,5.89,10237700,5.89
6.27,6.34,5.79,5.8,7189000,5.8
6.36,6.47,6.14,6.19,8433300,6.19
6,6.11,5.78,6.1,8268200,6.1
5.91,6.03,5.8,5.88,5924700,5.88
6.05,6.23,5.74,5.95,18278700,5.95
7.04,7.12,6.61,6.61,8532000,6.61
7.06,7.24,6.96,7,6962100,7
6.9,7.08,6.75,6.99,7169100,6.99
7.16,7.28,6.99,7.24,8559900,7.24
6.92,7.11,6.85,7.1,7927200,7.1
6.67,6.92,6.43,6.77,7641000,6.77
6.58,6.62,6.39,6.6,9435700,6.6
6.3,6.57,6.11,6.53,11611000,6.53
7.07,7.1,6.5,6.59,15575600,6.59
7.29,7.53,7.22,7.27,6075000,7.27
7.37,7.43,7.29,7.4,5090100,7.4
6.71,7.18,6.71,7.16,8831100,7.16
7.41,7.52,7.3,7.38,8224500,7.38
7.89,8.12,7.77,7.77,7382000,7.77
7.99,8.12,7.79,7.87,12015200,7.87
7.86,8.02,7.7,7.9,10161800,7.9
7.8,7.99,7.77,7.98,8809800,7.98
7.16,7.65,7,7.52,14674300,7.52
7.78,7.88,7.23,7.41,16905500,7.41
7.42,7.79,7.34,7.56,19890000,7.56
7.1,7.46,6.93,7.41,16478800,7.41
7.74,7.74,6.97,7.07,20413700,7.07
7.23,7.81,7.2,7.28,18628500,7.28
8.8,8.82,7.43,7.73,28293100,7.73
10.03,10.11,9.56,9.66,8352200,9.66
9.87,10.05,9.52,9.87,8399800,9.87
9.85,10.12,9.71,10.1,9697700,10.1
9.94,10.08,9.52,9.54,13803400,9.54
9.41,9.88,9.17,9.61,16395500,9.61
10.15,10.29,9.15,9.25,25381700,9.25
10.18,10.73,9.51,10.72,31376900,10.72
10.65,11.11,9.7,10,25158600,10
12.8,12.98,10.57,11.71,18350700,11.71
14.83,14.94,12.45,12.45,16988400,12.45
15.46,15.69,14.75,15.45,6419300,15.45
16.15,16.540001,15.58,15.58,6692800,15.58
16.85,16.879999,15.64,16.67,9847900,16.67
15.23,16.07,14.95,15.98,6132200,15.98
16,16.51,15.59,15.69,9797300,15.69
16.790001,16.799999,16.02,16.129999,6291300,16.129999
17.41,17.469999,16.969999,17.110001,2018300,17.110001
17.639999,17.93,17.459999,17.48,2063100,17.48
18.25,18.379999,17.92,18.209999,2856900,18.209999
17.66,18.17,17.540001,18.110001,7206400,18.110001
17.15,17.26,16.85,17.17,1936500,17.17
16.4,16.91,16.379999,16.83,5150700,16.83
16.120001,16.16,15.76,16.07,3768600,16.07
16.49,16.690001,15.88,16.469999,5381800,16.469999
17.08,17.1,15.86,16.280001,4673000,16.280001
17.27,17.73,16.719999,16.9,2135000,16.9
16.99,17.68,16.870001,16.889999,4761400,16.889999
17.969999,18.190001,17.26,17.34,3479500,17.34
18.42,18.92,18.42,18.889999,3531000,18.889999
19.290001,19.360001,19.110001,19.17,3282700,19.17
18.700001,18.879999,18.32,18.639999,3107100,18.639999
19.040001,19.200001,18.799999,18.91,3239100,18.91
18.389999,19.15,18.33,19,3158100,19
17.9,18.48,17.860001,18.290001,2696300,18.290001
17.16,17.6,17,17.549999,2163400,17.549999
16.34,16.76,16.190001,16.74,2767500,16.74
15.83,16.190001,15.62,16.110001,1968200,16.110001
166.98,167.779999,157.779999,158.540001,48099000,15.854
156.549997,165.639992,154.139996,165.419998,4923000,16.542
168.859997,172.310009,165.139999,165.580006,4497000,16.558001
166.709995,171.219997,165.860004,167.000008,1829000,16.700001
153.830004,162.080002,152.849998,161.739998,3921000,16.174
157.080002,158.730001,151.58,154.960003,4754000,15.496
157.659998,160.079994,144.619999,152.320004,17082000,15.232
169.510002,170.760002,160,160.809994,7963000,16.080999
175.259991,177.700005,174.909992,175.450001,2285000,17.545
174.239998,175.979996,166.970005,170.380001,6210000,17.038
178.950005,179.489994,171.790009,173.549995,5212000,17.355
176.800003,180.990009,176.229992,179.279995,1578000,17.927999
176.830006,178.610001,173.339996,173.929996,3138000,17.393
177.999992,181.000004,176.779995,176.779995,2214000,17.677999
178.050003,179.93,172.700005,174.880009,1571000,17.488001
170.599995,180,170.249996,177.660007,3127000,17.766001
178.500004,179.820004,172.409992,177.770004,2940000,17.777
186.650009,187.350006,175.459995,175.459995,2227000,17.546
189.599991,189.599991,185.610008,188.150005,991000,18.815001
182.369995,185.009995,181.709995,182.789993,1274000,18.278999
175.170002,179.990005,173.999996,179.34,1623000,17.934
170.830002,177.450008,170.680008,175.699997,3523000,17.57
172.369995,174.540005,170.699997,170.739994,1416000,17.073999
167.730007,172.849998,166.660004,170.160007,1710000,17.016001
178.16,180.750008,172.539997,176.18,2682000,17.618
176.84,178.649998,174.209995,178.099995,2695000,17.809999
170.650005,175.580006,168.570004,174.41,1857000,17.441
164.790001,170.410004,162.360001,170,2837000,17
168.549995,173.889999,166.879997,166.970005,3126000,16.697001
173.920002,174.330006,167.819996,170.340004,2718000,17.034
168.309994,174.430008,165.73,172.639999,1800000,17.264
174.039993,174.419994,165.890007,171.000004,1815000,17.1
170.419998,175,169.130001,174.220009,2612000,17.422001
162.549992,168.950005,162.530003,168.209991,800000,16.820999
167.320004,169.829998,158.190002,163.250008,2351000,16.325001
158.859997,166.030006,157.83,159.540005,2619000,15.954
166.079998,166.149998,158.859997,164.190006,2050000,16.419001
168.770008,169.239998,162.089996,166.25,1390000,16.625
176.870003,176.870003,168.190002,169.850006,1910000,16.985001
175.450001,175.569992,173.630009,174.920006,560000,17.492001
170.879993,176.119995,170.879993,175.440006,901000,17.544001
170.879993,173.029995,163.969994,173.029995,1690000,17.302999
169.34,172.849998,168.120003,170.900002,1456000,17.09
164.190006,167.420006,162.999992,167.189999,728000,16.719
161.919994,163.419991,159.090004,163.369999,873000,16.337
158.219995,159.910002,157.580004,158.739996,3637000,15.874
146.999998,152.790003,146.689997,152.530003,4950000,15.253
142.049999,145.85,138.999996,145.120001,6626000,14.512
146.470003,149.300003,144.870005,148.710003,948000,14.871
141.450005,146.269999,140.73,145.410004,562000,14.541
143.75,144.449997,141.549997,144.169998,669000,14.417
140.33,142.989998,138.850002,141.98,933000,14.198
143.079996,144.720001,141.289997,143.199997,802000,14.32
146.049995,146.999998,140,141.730003,780000,14.173
145.389996,146.000004,141.700001,144.399996,812000,14.44
146.639996,147.189999,143.319998,145.570002,685000,14.557
141.619997,145.600004,141.479998,144.899998,470000,14.49
142.469997,143.149996,140.500002,142.539997,348000,14.254
142.779999,144.130001,139.689999,141.160002,953000,14.116
138.280001,140.349998,137.799997,139.870005,959000,13.987
138.75,140.550003,138.02,139.580002,571000,13.958
134.180002,137.040005,131.999998,136.999998,715000,13.7
136.929998,137.950001,133.800001,133.889999,1079000,13.389
137.200003,139.219999,135.33,135.600004,1862000,13.56
135.839996,136.820002,133.299999,135.410004,1521000,13.541
126.370001,132.399998,123.950005,131.949997,1070000,13.195
128.16,128.400002,125.860004,127.220001,491000,12.722
122.309999,126.709995,121.409998,126.599998,1045000,12.66
119.160004,119.370003,115.860004,117.399998,1482000,11.74
115.930004,117.049999,113.109999,114.510002,2998000,11.451
119.090004,119.820004,105.480003,110.439997,5494000,11.044
112.080002,122.580004,112.010002,120.310001,1800000,12.031
123.16,126.149998,121.890001,125.819998,1460000,12.582
121.700001,127.83,121.569996,127.060003,1604000,12.706
125.92,126.999998,122.770004,123.82,1901000,12.382
131.129999,131.450005,126.969995,130.430002,1336000,13.043
129.879999,133.109999,126.499996,132.189999,1607000,13.219
129.08,136.020002,125.360003,129.48,1102000,12.948
136.929998,137.930002,130.200005,133.170004,1519000,13.317
135.780001,136.809998,129.610004,136.440001,1190000,13.644
130.489998,134.110003,128.599997,130.200005,1157000,13.02
143.02,143.02,130.340004,130.59,1510000,13.059
138.999996,142.200003,138.599997,140.979996,737000,14.098
131.269999,135.559998,130.92,135.539999,858000,13.554
125.73,128.629999,122.539997,127.309999,2331000,12.731
131.990004,133.109999,121.84,126.230001,1379000,12.623
141.750002,145.159998,131.000004,132.489996,2169000,13.249
152.939997,153.100004,149.639997,150.85,400000,15.085
152.889996,153.540001,151.339998,152.180004,448000,15.218
158.249998,159.490004,153.879995,153.920002,739000,15.392
156.829996,157.589998,155.679998,156.029997,532000,15.603
156.850004,158.120003,155.600004,158.000002,513000,15.8
153.149996,156.820002,152.629995,156.660004,438000,15.666
150.249996,154.899998,150,153.800001,412000,15.38
152.950001,154.709997,150.799999,153.710003,617000,15.371
152.220001,155.030003,150.240002,155.019999,222000,15.502
152.150002,153.999996,152.110004,152.349997,297000,15.235
147.950001,150.450001,145.92,150.059996,771000,15.006
143.950005,146.949997,140.85,146.77,180000,14.677
143.170004,146.529999,143.09,144.720001,234000,14.472
141.590004,145.66,141.590004,144.569998,314000,14.457
139.34,139.460001,136.429996,137.650003,484000,13.765
150.869999,153.02,135.690002,137.5,715000,13.75
147.959995,150.760002,147.069998,150.539999,401000,15.054
144.67,148.500004,143.920002,147.360001,281000,14.736
140,142.069998,137.790003,141.999998,421000,14.2
138.360004,141.619997,137.980003,141.309996,642000,14.131
143.780003,143.809996,137.299995,138.35,352000,13.835
138.190002,140.270004,134.189997,139.630003,470000,13.963
145.419998,145.419998,135.59,138.02,483000,13.802
142.329998,146.639996,141.850004,146.569996,542000,14.657
135.85,142.849998,135.85,142.089996,761000,14.209
134.6,136.140003,133.330002,136.099997,765000,13.61
131.850004,134.969997,131.370001,134.919996,57000,13.492
127.299995,129.160004,126.379995,129.160004,265000,12.916
123.280001,125.459995,121.940002,125.459995,142000,12.546
127.24,128.000002,122.390003,125.080004,102000,12.508
126.000004,126.000004,124.6,125.26,88000,12.526
122.1,126.549997,121.999998,125.99,65000,12.599
123.400002,123.400002,120.819998,121.350002,28000,12.135
122.720003,124.799995,122.720003,123.800001,103000,12.38
117.930002,120.019999,117.5,119.540005,85000,11.954
117.340002,118.470001,117.340002,118.470001,29000,11.847
116.709995,117.819996,116.709995,117.799997,88000,11.78
116.219997,116.219997,115.369997,115.369997,26000,11.537
117.510004,117.510004,116.499996,116.499996,11000,11.65
123.459997,123.459997,118.999996,119.689999,122000,11.969
124.449997,124.840002,123.42,123.660002,101000,12.366
122.910004,123.75,122.5,123.339996,106000,12.334
119.750004,121.400003,118.710003,121.350002,33000,12.135
116.77,118.830004,116.269999,118.219995,165000,11.822
113.739996,116.260004,113.68,115.679998,77000,11.568
115.710001,118.23,113.68,114.15,244000,11.415
117.720003,117.720003,115.699997,116.689997,66000,11.669
120.019999,120.019999,116.949997,117.480001,552000,11.748
118.529997,119.899998,118.529997,119.169998,536000,11.917
117.580004,118.649998,116.470003,118.16,146000,11.816
114.829998,116.219997,112.290001,115.550003,750000,11.555
116.000004,116.000004,113.140001,113.579998,434000,11.358
109.460001,112.779999,109.460001,112.519999,232000,11.252
104.230003,110.410004,104.230003,110.410004,168000,11.041
99.239998,104.289999,99.239998,104.289999,62000,10.429
99.569998,99.93,97.83,97.869997,484000,9.787
95.649996,97.720003,95.419998,95.570002,252000,9.557
