17.620001,18.07,17.51,18.049999,51125600,18.049999
18.08,18.549999,17.959999,18.42,44776200,18.42
18.08,18.24,17.59,17.98,38829200,17.98
18.969999,19.059999,18.02,18.09,53447700,18.09
17.870001,18.58,17.82,18.280001,56759600,18.280001
17.9,18.16,17.610001,17.84,42930600,17.84
17.299999,17.83,17.24,17.76,40944000,17.76
17.93,18.049999,17.469999,17.540001,46557900,17.540001
17.41,18.4,17.379999,17.5,77935100,17.5
16.870001,17.459999,16.76,17.41,60289700,17.41
17.610001,17.639999,16.860001,16.879999,51614800,16.879999
17.889999,17.940001,17.559999,17.639999,45276100,17.639999
18.299999,18.34,18.08,18.209999,44295400,18.209999
18.879999,18.879999,18.32,18.52,36782000,18.52
19.049999,19.27,18.76,18.879999,40954400,18.879999
18.790001,19,18.74,18.98,28640600,18.98
19.030001,19.09,18.719999,18.799999,31887100,18.799999
18.84,18.959999,18.620001,18.82,33091500,18.82
19.24,19.41,19.040001,19.200001,32594600,19.200001
19.030001,19.33,18.85,19.1,41475700,19.1
19.67,20.030001,19.389999,19.42,50426100,19.42
19.35,20.32,19.35,19.5,65683200,19.5
19.110001,19.290001,18.889999,18.969999,27489300,18.969999
19.15,19.4,18.969999,19.17,33506000,19.17
19.25,19.35,19,19.09,38757400,19.09
20.26,20.290001,19.450001,19.559999,40567200,19.559999
20.709999,21.1,20.5,20.5,39327700,20.5
21.299999,21.379999,20.68,20.709999,54904000,20.709999
21.16,21.73,21.1,21.540001,36279300,21.540001
21.23,21.41,20.98,21.309999,39161900,21.309999
21.75,21.82,21.290001,21.389999,35053000,21.389999
21.299999,21.700001,21.16,21.450001,35357100,21.450001
21.59,22.51,21.379999,21.4,52678400,21.4
21.91,22.34,21.35,21.440001,40813500,21.440001
21.799999,22.209999,21.629999,21.9,28112100,21.9
22.200001,22.41,21.700001,22.040001,28951000,22.040001
22.16,22.35,21.629999,22.129999,39296500,22.129999
22.65,23.08,22.360001,22.4,28020200,22.4
23.42,23.43,22.209999,22.48,35135000,22.48
24.48,24.66,23.639999,23.700001,38421600,23.700001
24.74,25.790001,24.73,25.51,33506800,25.51
24.700001,25.34,24.48,25,26478800,25
23.700001,24.690001,23.620001,24.620001,28194500,24.620001
24.110001,24.139999,23.719999,23.82,14016200,23.82
24.35,24.48,24.1,24.15,14080100,24.15
23.84,24.389999,23.74,24.27,23696000,24.27
24.09,24.16,23.799999,23.83,20706000,23.83
24.48,24.540001,24.1,24.25,25677900,24.25
25.33,25.34,24.67,24.719999,28318200,24.719999
25.59,25.99,25.450001,25.610001,30014500,25.610001
25.92,26.32,25.719999,25.969999,31925300,25.969999
26.549999,26.65,25.540001,26.309999,61242500,26.309999
26.110001,26.870001,26.02,26.41,29648700,26.41
26,26.450001,25.93,26.17,26443100,26.17
26.5,26.540001,25.879999,25.969999,29789300,25.969999
26.26,27.18,26.1,26.280001,45368900,26.280001
26.02,26.370001,25.51,26.219999,40282700,26.219999
26.549999,26.75,26,26.15,29614400,26.15
27.959999,28.08,26.959999,27.030001,37618700,27.030001
29.120001,29.280001,28.15,28.969999,34417600,28.969999
27.83,29.48,27.73,28.959999,37704600,28.959999
27.48,28.040001,27.4,27.889999,31634200,27.889999
28.09,28.360001,27.48,27.879999,23577100,27.879999
28.15,28.549999,27.83,28.059999,27225200,28.059999
27.93,28.200001,27.790001,27.82,9939400,27.82
28.200001,28.450001,27.879999,27.98,24961200,27.98
27.76,28.559999,27.639999,27.91,32275000,27.91
28.719999,28.74,27.709999,27.780001,27309100,27.780001
29.17,29.559999,28.889999,29.059999,33977600,29.059999
30.049999,30.16,29.209999,29.23,30377900,29.23
30.530001,30.559999,29.790001,30.1,33266400,30.1
30.950001,31.33,29.940001,29.940001,35063700,29.940001
31.6,32.459999,31.129999,31.290001,42433500,31.290001
32.68,33.09,31.299999,31.440001,47981600,31.440001
30.459999,33.27,30.190001,32.16,88606500,32.16
33.970001,34.029999,30.91,31.4,98675100,31.4
33.369999,33.77,32,32.18,38824900,32.18
34.66,35.029999,33.119999,33.189999,41722500,33.189999
37.470001,38.18,36.48,37.939999,55452800,37.939999
35.91,38.369999,35.709999,37.880001,48656100,37.880001
35.310001,36.27,35.119999,35.919998,49348700,35.919998
34.139999,36.77,34.139999,35.110001,58916000,35.110001
33.240002,34.380001,33.150002,34.139999,30378700,34.139999
32.169998,34,31.780001,33.43,61982700,33.43
31.02,32.200001,30.99,32.040001,30460500,32.040001
31.450001,31.700001,30.83,31.469999,29333200,31.469999
30.469999,31.16,30.42,30.73,25842800,30.73
30.879999,30.91,30.34,30.450001,23384800,30.450001
32.450001,32.610001,31.530001,31.57,27212400,31.57
32.759998,33.110001,32.150002,32.279999,37916500,32.279999
32.779999,33.220001,32.439999,32.700001,32607200,32.700001
33.919998,34.18,33.41,33.5,27444900,33.5
34.830002,35.349998,34.650002,34.889999,28435900,34.889999
34.400002,35.290001,34.139999,35.060001,41196700,35.060001
35.689999,36.630001,34.91,35.41,58700100,35.41
34.16,34.77,33.540001,34.369999,37555600,34.369999
32.759998,34.82,32.709999,34.279999,52543200,34.279999
32.860001,32.98,32.27,32.540001,20330800,32.540001
33.040001,33.970001,32.880001,33.279999,37301500,33.279999
33.599998,33.849998,33.07,33.200001,27544400,33.200001
33.369999,33.619999,33.200001,33.5,25106800,33.5
33.610001,34.619999,33.09,33.77,54864200,33.77
34.41,34.700001,33.75,33.889999,29951300,33.889999
34.259998,34.869999,33.610001,34.07,42525100,34.07
33.509998,36.639999,33,35.389999,80473500,35.389999
33.509998,34.68,33.27,33.34,40950100,33.34
35.599998,35.880001,33.48,33.709999,38331600,33.709999
35.040001,36,34.82,35.619999,40531100,35.619999
33.700001,33.990002,33.360001,33.799999,31965700,33.799999
33.740002,34.139999,33.400002,33.560001,39635300,33.560001
37.080002,37.610001,34.490002,34.66,58810100,34.66
37,38.220001,36.970001,37.639999,33157400,37.639999
37.560001,38.669998,36.77,37.900002,45050900,37.900002
40.200001,40.919998,38.650002,38.91,47077900,38.91
40.880001,41.599998,38.900002,39.380001,51833200,39.380001
40.549999,41.470001,38.869999,40.889999,73083700,40.889999
37.759998,42.41,37.630001,41.080002,109756300,41.080002
39.290001,39.709999,35.880001,36.279999,71897000,36.279999
34.84,38.950001,34.689999,38.889999,79180900,38.889999
33.43,33.93,33.330002,33.509998,22188500,33.509998
33.880001,33.98,33.32,33.41,20757800,33.41
34.470001,34.799999,33.82,33.880001,24176100,33.880001
35.330002,35.470001,34.75,34.799999,31940100,34.799999
36.049999,37.02,35.900002,36.09,30792900,36.09
36.169998,37.169998,36,36.240002,24193400,36.240002
36.200001,36.700001,35.919998,36.09,23453300,36.09
36.970001,36.990002,36.130001,36.369999,20954100,36.369999
36.689999,38.349998,35.66,37.110001,50951800,37.110001
37.599998,37.66,36.540001,36.990002,29263300,36.990002
36.32,37.360001,36.259998,36.959999,27879500,36.959999
36.009998,36.25,35.779999,36.200001,21232400,36.200001
36.380001,36.860001,36.110001,36.27,30973400,36.27
36.349998,36.720001,35.98,36.130001,26957900,36.130001
36.759998,37.02,35.959999,35.990002,25709300,35.990002
37.459999,38.439999,36.470001,36.580002,36592100,36.580002
37.049999,37.830002,37.029999,37.580002,26377900,37.580002
36.540001,36.639999,36.16,36.34,21067300,36.34
37.299999,37.77,36.66,36.950001,30212100,36.950001
37.029999,37.5,36.529999,37.290001,27717600,37.290001
36.57,38.209999,36.299999,37.470001,29852700,37.470001
36.709999,37.200001,35.880001,36.560001,13481100,36.560001
9.4,9.45,9.3,9.3,46298800,9.3
9.61,9.63,9.39,9.52,15878200,9.52
10.01,10.12,9.78,9.87,12968900,9.87
10.42,10.53,10.13,10.14,13403100,10.14
10.13,10.71,10.06,10.39,22123600,10.39
10.11,10.28,9.88,10.02,16463600,10.02
10.55,10.58,10.1,10.18,14469500,10.18
10.81,10.93,10.49,10.56,13218300,10.56
10.87,11.18,10.65,10.75,17323200,10.75
11.11,11.33,11,11,13464700,11
11.1,11.54,11.02,11.11,15882500,11.11
11.38,11.46,11.05,11.17,13801200,11.17
11.18,11.6,11.09,11.45,17643900,11.45
11.24,11.35,11.04,11.15,13566800,11.15
11.47,11.65,11.3,11.43,12117500,11.43
11.72,11.78,11.36,11.48,13590100,11.48
11.63,12.06,11.56,11.68,18475700,11.68
11.61,11.79,11.53,11.74,14279700,11.74
11.81,12.03,11.71,11.75,14220300,11.75
11.92,12.21,11.89,11.93,15977800,11.93
12.01,12.25,11.9,12.2,14288100,12.2
12.61,12.68,12.12,12.21,19753300,12.21
13.07,13.59,12.86,13.05,17441600,13.05
13.84,14.06,13.27,13.3,18995200,13.3
13.62,14.15,13.56,13.62,18321700,13.62
13.81,13.81,13.31,13.39,20180400,13.39
14.07,14.27,13.73,13.81,22832400,13.81
14.62,14.63,14.09,14.27,18616100,14.27
16.16,16.18,15.03,15.1,31986600,15.1
16.9,17.870001,16.73,16.809999,42099500,16.809999
16.25,17.200001,14.95,16.83,45081800,16.83
14.25,14.46,13.52,13.61,24020500,13.61
14.57,15.28,14.16,15.07,23046200,15.07
14.22,14.85,14.19,14.56,20049400,14.56
14.55,14.57,14.06,14.46,21040000,14.46
15.57,15.86,15.28,15.58,19021100,15.58
16.73,17.299999,15.41,15.58,35776700,15.58
16,16.16,15.31,16,26204400,16
16.52,17.07,15.92,16.16,42793600,16.16
15.02,16.549999,14.66,16.52,32265400,16.52
13.81,14.46,13.69,14.39,22688200,14.39
13.21,13.37,13.05,13.2,14623400,13.2
12.86,13.1,12.76,12.96,12323000,12.96
12.74,12.9,12.6,12.89,12622700,12.89
12.95,13.19,12.79,12.86,14864500,12.86
13.32,13.69,12.94,13.02,17897900,13.02
13.61,13.76,13.09,13.09,13610100,13.09
13.79,13.94,13.35,13.47,14491400,13.47
13.39,13.97,13.33,13.57,15178900,13.57
13.85,13.91,13.57,13.59,10920200,13.59
14.09,14.14,13.9,13.96,10963300,13.96
14.16,14.29,13.84,14.11,13603200,14.11
14.8,14.82,14.22,14.38,15488600,14.38
15.07,15.21,14.82,15.03,11301500,15.03
15.33,15.37,15.04,15.1,16455400,15.1
15.84,16.469999,15.61,15.66,23233100,15.66
15.65,15.93,15.07,15.58,24708500,15.58
15.08,15.85,15,15.64,19002800,15.64
15.58,15.59,14.76,14.98,15125600,14.98
15.15,15.82,14.85,15.67,18415800,15.67
15.16,15.78,14.89,15.15,20114800,15.15
14.87,15.47,14.64,15.35,17024700,15.35
15.2,15.23,14.81,14.84,12845400,14.84
15.8,15.85,15.26,15.61,14281500,15.61
16.77,16.790001,15.9,15.97,16530300,15.97
16.4,16.98,16.32,16.709999,14640100,16.709999
16.93,17.1,16.6,16.73,17530100,16.73
16.27,16.85,16.190001,16.52,20971000,16.52
16.48,16.66,15.62,15.8,17790400,15.8
16.49,17.559999,16.290001,16.83,29765700,16.83
15.67,16.4,15.1,16.280001,19082700,16.280001
16.07,16.15,15.21,15.38,17428600,15.38
16,16.110001,15.73,15.86,11191400,15.86
16.24,16.57,16.120001,16.190001,13516200,16.190001
16.52,16.639999,15.94,16,14475200,16
16.290001,16.67,16.15,16.41,15372600,16.41
15.8,16.209999,15.66,16.110001,15331200,16.110001
15.81,16.370001,15.56,16.030001,17900400,16.030001
17.129999,17.139999,15.82,15.87,15337400,15.87
17.09,17.290001,16.9,16.93,13490700,16.93
17.17,17.48,16.93,17.15,13354500,17.15
17.690001,17.77,17.18,17.209999,14720100,17.209999
18.74,19.190001,17.940001,18.120001,17367600,18.120001
18.15,18.780001,17.950001,18.76,15833300,18.76
18.27,18.870001,17.969999,18.459999,19353500,18.459999
17.860001,19.370001,17.65,18.959999,22053400,18.959999
18.51,18.65,17.34,17.379999,18534000,17.379999
18.25,18.68,18,18.58,23504900,18.58
17.09,17.639999,17,17.57,13674900,17.57
18.190001,18.290001,17.059999,17.120001,18374600,17.120001
17.66,17.889999,17.27,17.620001,16885400,17.620001
17.620001,17.940001,17.219999,17.51,19864900,17.51
19.1,19.26,17.91,17.950001,17487500,17.950001
19.120001,19.450001,18.75,19.049999,14247300,19.049999
20.09,20.25,19.280001,19.299999,20562300,19.299999
18.73,19.530001,18.709999,19.41,17292500,19.41
19.040001,19.1,18.4,18.549999,14503200,18.549999
19.33,19.4,18.719999,18.799999,16617800,18.799999
19.23,19.73,19,19.35,17368300,19.35
20.1,20.23,19.25,19.49,14423800,19.49
21.129999,21.15,19.92,20.09,20663400,20.09
21.190001,21.27,20.83,20.870001,13820000,20.870001
21.040001,21.219999,20.459999,20.58,12319300,20.58
21.469999,21.610001,20.889999,20.9,19037600,20.9
22.07,23.08,21.360001,22.02,26867900,22.02
22.48,22.92,22.299999,22.43,15608600,22.43
22.34,22.790001,22.030001,22.73,17798900,22.73
22.280001,22.389999,21.389999,21.889999,17684300,21.889999
21.25,22.09,21.129999,21.860001,19306200,21.860001
22.440001,22.620001,21.379999,21.59,15319900,21.59
22.790001,23.15,22.299999,22.32,14677500,22.32
24.290001,24.549999,22.700001,22.719999,16818800,22.719999
24.4,24.92,23.719999,24.879999,12606800,24.879999
23.76,24.74,23.639999,24.5,15714600,24.5
24.82,25.309999,24.129999,24.16,13231100,24.16
26.23,26.65,24.879999,25.02,19254400,25.02
24.299999,25.290001,24.120001,25.18,14612000,25.18
24.709999,24.780001,23.950001,23.969999,14575200,23.969999
26.559999,26.780001,25.360001,25.42,16646700,25.42
26,26.540001,25.690001,26.08,14739000,26.08
26.58,26.870001,26.030001,26.18,12816700,26.18
27.58,28.059999,27.129999,27.25,13981100,27.25
28.92,29.6,28.469999,28.559999,16213800,28.559999
29.969999,30.85,29.129999,29.780001,32514800,29.780001
27.33,28.129999,26.84,28.07,22298400,28.07
28.73,28.860001,27.299999,27.879999,24688100,27.879999
27.370001,28.75,27.1,27.620001,26418800,27.620001
25.309999,26.809999,25.290001,26.360001,21317700,26.360001
25.43,25.74,24.76,25.360001,21033900,25.360001
25,26.860001,24.969999,25.120001,25526000,25.120001
24.59,25.629999,24.549999,25.4,18255400,25.4
24.25,24.68,23.549999,23.84,15589300,23.84
24.969999,25.08,24.049999,24.120001,19408300,24.120001
25.17,26.299999,24.959999,25.15,21689700,25.15
25.299999,26.379999,24.299999,26.02,22986800,26.02
25.870001,26.219999,24.959999,24.99,17911100,24.99
25.32,26.370001,24.92,26.24,19301100,26.24
26.040001,26.309999,24.98,25,21777400,25
27.08,28.48,26.32,27.290001,36825600,27.290001
27.59,29.709999,26.790001,27.41,39711200,27.41
25.690001,27.950001,25.68,26.709999,26180700,26.709999
26.98,27.639999,25.959999,26.700001,37517200,26.700001
24.969999,26.15,23.629999,24.290001,28158000,24.290001
22.459999,25.66,22.389999,25.200001,30854100,25.200001
23.049999,24.459999,22.83,22.91,23181300,22.91
24.549999,26.73,23.82,24.02,32760500,24.02
22.75,25.16,22.49,24.83,26873200,24.83
22.75,23.950001,22.17,23.6,30037500,23.6
22.049999,22.059999,21.24,21.290001,16795900,21.290001
20.860001,21.51,20.48,20.67,16103000,20.67
21.66,22.34,21.25,21.34,21528100,21.34
19.889999,20.139999,19.530001,20.1,10795900,20.1
19.290001,19.700001,19.24,19.620001,7564800,19.620001
19.08,19.26,18.940001,19.07,8352700,19.07
19.959999,20.360001,19.360001,19.389999,9328400,19.389999
19.41,19.68,19.33,19.620001,5058900,19.620001
19.25,19.709999,19.110001,19.27,12874200,19.27
20.08,20.360001,19.51,19.74,14441500,19.74
20.959999,21.780001,20.73,20.76,14664300,20.76
20.83,21.959999,20.59,21.77,25409400,21.77
19.209999,20.379999,19.200001,20.16,21120300,20.16
20.01,20.52,18.969999,19.34,27575900,19.34
20.889999,21.6,20.450001,20.76,18820700,20.76
23.139999,24.280001,21.450001,21.67,29750300,21.67
21.34,23.73,21.110001,23.32,32948500,23.32
20.110001,20.5,19.549999,20.280001,14106500,20.280001
19.48,20.59,18.75,19.99,20894700,19.99
19.41,19.68,18.790001,19.23,17683400,19.23
18.23,19.280001,18.23,18.65,14637600,18.65
19.43,19.610001,18.190001,18.219999,18769700,18.219999
18.34,20.48,18.25,20.02,23987000,20.02
18.02,18.82,17.719999,18.68,14043200,18.68
18.549999,18.73,17.959999,17.98,10641700,17.98
18.780001,19.02,18.65,18.799999,9716400,18.799999
18.67,18.959999,18.639999,18.91,5020000,18.91
18.940001,19.120001,18.620001,18.74,8216200,18.74
19.440001,19.67,18.799999,19.030001,13263800,19.030001
19.32,19.52,18.799999,18.9,11713000,18.9
19.49,19.629999,19.190001,19.43,12464200,19.43
19.629999,20.360001,19.540001,20.110001,13239200,20.110001
20.42,20.459999,19.41,19.450001,16616800,19.450001
19.51,21.18,19.4,20.83,13695700,20.83
21.889999,22.059999,19.700001,19.75,17361300,19.75
20.67,22.07,20.5,21.959999,22384900,21.959999
19.4,20.610001,19.16,20.559999,17568400,20.559999
18.32,18.9,18.290001,18.9,10379200,18.9
19.25,19.33,18.360001,18.49,11018400,18.49
18.15,19.33,18.07,19.030001,14777700,19.030001
18.450001,18.9,18.040001,18.040001,13778400,18.040001
18.83,19.17,18.370001,18.440001,13693600,18.440001
18.120001,19.02,18.049999,18.82,14663100,18.82
18.08,18.370001,17.780001,18.24,10584000,18.24
18.799999,18.879999,17.719999,17.879999,11126100,17.879999
18.620001,18.889999,18.35,18.83,10233500,18.83
18.610001,18.93,18.379999,18.58,11290500,18.58
18.799999,19.42,18.27,18.34,17307400,18.34
19.52,19.530001,18.799999,18.879999,13195300,18.879999
18.91,19.299999,18.66,19.290001,12110100,19.290001
18,19.01,17.959999,18.629999,18623100,18.629999
19.75,19.76,18.41,18.440001,19574000,18.440001
18.76,20.389999,18.530001,20.290001,20441500,20.290001
18.5,19.290001,18.219999,18.950001,16157100,18.950001
19.75,19.82,18.27,18.32,17110200,18.32
19.559999,20.450001,19.540001,19.690001,17204800,19.690001
21.01,21.190001,19.790001,19.9,15388600,19.9
21.24,21.99,20.809999,21.43,15384900,21.43
20.41,21.120001,19.690001,21,16013600,21
21.209999,21.42,19.77,20,12770700,20
21.200001,21.92,20.969999,21.27,12488000,21.27
22.290001,22.549999,21,21.280001,16286200,21.280001
22.6,23.139999,22.280001,22.34,13175000,22.34
22.58,23.27,22.25,22.9,12175400,22.9
23.530001,23.6,22.5,22.639999,12962700,22.639999
26.280001,26.530001,24,24.030001,19631000,24.030001
25.68,26.5,25.32,25.34,15188800,25.34
25.709999,26.41,25.440001,25.6,15090200,25.6
26.530001,27.540001,25.870001,26.889999,21090900,26.889999
25.969999,27.540001,25.73,26.84,22486500,26.84
23.469999,25.68,23.450001,25.09,21006900,25.09
24.950001,26.190001,24.27,24.440001,22184700,24.440001
24.379999,24.709999,23.58,23.799999,15443600,23.799999
24.190001,25.57,23.83,24.35,25159200,24.35
23.92,24.209999,22.959999,23.049999,19171800,23.049999
24.110001,24.99,23.26,24.68,22661200,24.68
21.98,22.5,20.040001,21.969999,31921000,21.969999
22.620001,23.360001,22.01,22.09,14293200,22.09
25.690001,25.879999,23.42,23.5,16741700,23.5
25.969999,26.65,25.959999,26.049999,10046700,26.049999
26.77,27.24,26.02,26.040001,14094300,26.040001
28.17,28.309999,26.65,26.68,20576000,26.68
25.309999,27.559999,25.26,27.35,22613400,27.35
27.6,27.969999,26.66,26.74,17271300,26.74
28.620001,29.98,27.969999,29.32,23698100,29.32
26.620001,28.120001,25.459999,27.32,17983600,27.32
29.01,30.17,27.459999,27.469999,25653400,27.469999
29.290001,31.48,28.52,30.76,33966700,30.76
26.190001,27.059999,25.879999,26.85,19031900,26.85
25.5,27.110001,25.110001,25.84,30981400,25.84
23.120001,26.200001,23.059999,24.709999,23171400,24.709999
24.32,27.17,23.85,24.120001,35974500,24.120001
21.82,26.639999,21.719999,26.58,32397200,26.58
27.15,28.219999,21.559999,24.370001,67428100,24.370001
18.620001,20.73,18.07,20.719999,54635800,20.719999
16.99,17.82,16.77,17.620001,26152500,17.620001
16.200001,16.690001,15.81,16.26,21993500,16.26
15.87,16.08,15.71,15.97,9203000,15.97
16.16,16.34,15.77,15.81,10236900,15.81
16,16.24,15.85,15.99,9509100,15.99
16.07,16.4,15.79,16.040001,12063900,16.040001
17.1,17.41,16.08,16.24,21365000,16.24
16.129999,16.559999,15.91,16.219999,15269400,16.219999
15.74,15.74,15.51,15.57,8977000,15.57
16.24,16.610001,16.030001,16.129999,12204200,16.129999
15.75,16.6,15.73,16.26,13867900,16.26
15.79,15.95,15.48,15.74,10100700,15.74
15.89,16.139999,15.7,15.83,11433500,15.83
15.97,16.450001,15.74,15.78,13121800,15.78
15.94,16.25,15.79,16.02,11016200,16.02
16.219999,16.57,15.98,16.049999,10452700,16.049999
16.35,16.440001,16.01,16.16,14566600,16.16
17.219999,17.67,16.280001,16.49,16459500,16.49
17.52,18.120001,17.280001,17.719999,17760100,17.719999
16.35,17.09,16.18,16.84,14845500,16.84
15.98,16.57,15.89,16.290001,15065600,16.290001
16.629999,16.65,15.97,16.120001,11538500,16.120001
16.26,16.49,16.17,16.200001,10109200,16.200001
16.370001,16.48,15.99,16.33,9926700,16.33
16.42,16.639999,16.370001,16.4,10180600,16.4
17.120001,17.17,16.5,16.530001,15139500,16.530001
17.68,18.129999,17.440001,17.700001,11305600,17.700001
17.950001,18.040001,17.389999,17.76,9404000,17.76
18.75,18.870001,17.82,17.92,13883600,17.92
20.389999,21.030001,19.77,19.860001,16119600,19.860001
20.18,21.639999,20.1,21.51,17476800,21.51
20.219999,21.389999,20.01,21.35,22898700,21.35
20.42,21.58,19.4,19.4,24441800,19.4
20.91,21.1,20.01,20.48,18150600,20.48
18.780001,20.32,18.700001,19.969999,20400500,19.969999
19.09,19.76,18.73,18.77,16806300,18.77
19.25,21.110001,19.200001,20.1,28442700,20.1
18.440001,20.5,18.16,20.309999,31659600,20.309999
17.370001,17.74,17.25,17.35,11371400,17.35
17.18,17.57,17.02,17.459999,10673800,17.459999
17.09,17.35,16.85,17.309999,11355100,17.309999
17.35,17.379999,16.98,17.01,9034000,17.01
17.82,17.950001,17.42,17.469999,9935400,17.469999
18.08,18.35,18.02,18.23,9907600,18.23
18.370001,18.43,17.870001,18.1,12264500,18.1
18.59,19.059999,18.42,18.629999,11462600,18.629999
19.190001,19.299999,18.57,18.709999,11525700,18.709999
18.700001,19.059999,18.620001,19.02,14091400,19.02
18.26,18.6,18.190001,18.25,11117500,18.25
18.209999,18.299999,17.92,18.02,9390500,18.02
18.959999,19,18.360001,18.459999,10399000,18.459999
19.549999,19.73,19.15,19.25,9579000,19.25
19.16,19.620001,19.120001,19.469999,8449500,19.469999
19.450001,19.620001,19.030001,19.1,9851000,19.1
19.040001,19.530001,18.93,19.41,12859700,19.41
18.950001,19.09,18.73,18.790001,8973100,18.790001
19.040001,19.23,18.780001,19.120001,9731300,19.120001
18.780001,19.120001,18.610001,18.84,9263500,18.84
18.92,19.26,18.73,19.02,10974300,19.02
18.9,19.16,18.77,18.879999,9080000,18.879999
19.219999,19.35,18.549999,18.690001,10062400,18.690001
18.879999,19.58,18.809999,19.389999,13367500,19.389999
18.6,18.77,18.450001,18.68,7214300,18.68
19.280001,19.370001,18.530001,18.65,8314600,18.65
19.1,19.440001,18.99,19.18,9365800,19.18
19.299999,19.559999,18.98,19.139999,9085500,19.139999
20.049999,20.1,19.24,19.42,9145100,19.42
20.17,20.48,20.049999,20.059999,7813600,20.059999
20.43,20.540001,20.24,20.26,7075800,20.26
20.85,21.08,20.629999,20.67,8609600,20.67
21.469999,21.75,20.9,21.049999,9733200,21.049999
20.620001,21.15,20.57,21.120001,7335900,21.120001
20.85,21,20.5,20.610001,10808300,20.610001
21.959999,22.27,21.5,21.700001,9059800,21.700001
21.25,22.58,21.15,21.860001,12481000,21.860001
20.91,21.530001,20.77,21.469999,11389900,21.469999
20.629999,21.059999,20.48,20.82,7242400,20.82
21.540001,21.57,20.77,20.809999,9848000,20.809999
21.549999,22.290001,21.299999,21.84,11780100,21.84
21.23,21.620001,20.84,21.24,12206100,21.24
21.629999,22.219999,20.73,20.77,10490300,20.77
20.690001,21.639999,20.620001,21.450001,9732900,21.450001
20.959999,21.139999,20.809999,20.889999,5306600,20.889999
21.41,21.52,20.9,21.1,6649700,21.1
21.42,21.84,21.190001,21.299999,6899300,21.299999
21.27,21.780001,21.190001,21.530001,6890000,21.530001
21.82,21.950001,21.379999,21.540001,7674100,21.540001
22.219999,22.860001,22.110001,22.290001,16761600,22.290001
22.059999,22.15,21.309999,21.52,10722000,21.52
22.139999,22.200001,21.73,21.98,8986500,21.98
22.940001,23.120001,22.25,22.469999,9238200,22.469999
21.82,22.9,21.610001,22.66,13014600,22.66
22.940001,22.99,22.1,22.129999,12286300,22.129999
23.870001,24.139999,23.120001,23.139999,9058200,23.139999
24.299999,24.459999,23.92,23.969999,9183300,23.969999
24.35,24.469999,24.07,24.450001,7252600,24.450001
25.309999,25.41,24.299999,24.530001,8322800,24.530001
25.379999,25.52,24.969999,25.059999,8335100,25.059999
25.610001,26.379999,25.52,25.52,10807600,25.52
25.059999,26.98,24.5,25.629999,5347400,25.629999
25.110001,25.190001,24.82,24.959999,7175100,24.959999
26.030001,26.120001,25.620001,25.74,7551900,25.74
26.77,27.040001,25.870001,26.049999,14466200,26.049999
25.030001,26.299999,24.879999,26.27,13475900,26.27
25.280001,25.440001,24.66,25.15,9419700,25.15
25.52,25.559999,24.959999,25.24,8045400,25.24
25.809999,25.99,24.940001,25.73,14901700,25.73
26.5,26.809999,26.040001,26.129999,9490200,26.129999
27.469999,27.68,25.879999,26.129999,14820000,26.129999
27.82,28.02,27.200001,27.299999,8713100,27.299999
27.74,27.82,27.15,27.41,8633300,27.41
27.58,28.83,27.440001,28.1,13882400,28.1
28.690001,28.74,27.4,27.48,11176000,27.48
28.59,29.440001,28.51,29.23,10137700,29.23
28.43,28.91,28.24,28.51,11964400,28.51
27.860001,28.07,27.389999,27.66,10815700,27.66
27.26,28.200001,26.870001,28.030001,15336600,28.030001
27,27.43,26.82,26.879999,7827200,26.879999
27.66,28.26,27.139999,27.219999,9488300,27.219999
26.950001,27.98,26.83,27.280001,11332700,27.280001
27.469999,27.58,26.67,26.700001,9156100,26.700001
27.73,27.99,27.18,27.620001,9884800,27.620001
28,28.57,27.4,27.780001,11201300,27.780001
27.98,28.4,26.83,28.1,11604800,28.1
29.02,29.07,27.77,27.959999,9703700,27.959999
29.32,29.530001,29.01,29.139999,6434600,29.139999
30.68,30.879999,28.799999,29.049999,10730700,29.049999
31.110001,31.16,30.049999,30.120001,7571500,30.120001
31.389999,31.469999,30.629999,30.809999,7772600,30.809999
31.219999,31.49,30.790001,31.049999,6462300,31.049999
31.190001,31.790001,30.799999,30.969999,10010700,30.969999
32.560001,32.720001,31.200001,31.35,9942900,31.35
33.48,33.959999,33.23,33.310001,8617600,33.310001
33.66,34.32,32.970001,33.150002,8565900,33.150002
34.919998,35.220001,34.32,34.470001,8812800,34.470001
32.509998,35.029999,32.290001,34.299999,13140800,34.299999
33.759998,33.799999,32.68,32.91,7953300,32.91
33.66,34.360001,32.700001,34.150002,13566600,34.150002
34.279999,34.630001,33.119999,33.240002,11910900,33.240002
35.66,37.349998,34.860001,34.900002,17508600,34.900002
34.57,37.07,33.869999,36.869999,17701900,36.869999
34.669998,35.900002,33.279999,33.5,16602500,33.5
31.18,34.990002,31.18,34.669998,16332100,34.669998
32.200001,32.52,31.059999,32,12857900,32
31.799999,32.439999,30.629999,30.629999,8330000,30.629999
31.719999,32.240002,30.83,32.099998,11068600,32.099998
32.5,33.759998,31.24,31.299999,13666500,31.299999
35.529999,35.98,33.380001,33.450001,14360600,33.450001
34.360001,36.290001,34.299999,35.119999,12379100,35.119999
36.220001,36.950001,35.009998,35.470001,14302400,35.470001
34.709999,36.279999,34.220001,36.130001,15814900,36.130001
36.080002,36.43,34.939999,35.119999,16637400,35.119999
32.740002,35.360001,32.290001,34.389999,14379000,34.389999
32.259998,34.32,32.110001,33.490002,11786100,33.490002
30.440001,32.240002,30.41,31.98,14391600,31.98
31.639999,31.75,30.629999,30.77,10920100,30.77
32.970001,33.709999,32.419998,32.880001,13868200,32.880001
33.040001,35.200001,32.610001,33.950001,19272700,33.950001
31.85,33.73,31.709999,33.209999,14882400,33.209999
30.469999,32.82,30.110001,30.99,15294500,30.99
29.059999,32.07,28.93,31.51,10740300,31.51
28.93,29.360001,28.549999,29.200001,6187000,29.200001
28.76,28.879999,28.27,28.51,5835800,28.51
28.290001,28.73,28.1,28.59,5423500,28.59
28.200001,28.530001,28.139999,28.309999,2681400,28.309999
28.299999,29.120001,28.290001,28.51,6000300,28.51
29.120001,29.33,28.459999,28.49,7643200,28.49
30.049999,30.51,29.48,29.9,12759700,29.9
29.629999,31.059999,29.52,30.17,11418000,30.17
35.080002,35.130001,31,31.09,21663700,31.09
33.84,34.66,31.129999,34.630001,22248700,34.630001
32.290001,34.369999,31.440001,33.049999,24453900,33.049999
33.509998,34.110001,31.85,33.889999,23207200,33.889999
29.92,32.189999,28.65,32.139999,19362500,32.139999
27.959999,30.370001,27.85,30.33,16023300,30.33
28.51,29,27.209999,27.440001,11892100,27.440001
26.25,27.41,25.83,27.049999,9284700,27.049999
26.110001,26.32,25.639999,26.1,7137500,26.1
26.83,27.33,26.27,26.540001,6517700,26.540001
26.620001,26.83,26.4,26.52,5521800,26.52
28.52,28.530001,26.92,26.969999,7799200,26.969999
27.940001,28.809999,27.84,28.57,9342200,28.57
26.780001,27.48,26.6,27.4,4931500,27.4
27.139999,27.190001,26.59,26.700001,4145100,26.700001
27.18,27.51,27.030001,27.120001,5040900,27.120001
27.639999,27.799999,27.280001,27.309999,5189400,27.309999
27.620001,28.15,27.6,27.92,8064900,27.92
29.290001,29.370001,28.33,28.48,5808400,28.48
28.459999,29.049999,28.309999,28.780001,6459900,28.780001
28.41,28.43,27.73,28.1,6300000,28.1
28.91,29.110001,28.290001,28.6,5751500,28.6
28.73,29.26,28.549999,28.66,6438800,28.66
28.35,29.379999,27.99,28.57,8984800,28.57
28.59,28.639999,27.959999,28.280001,6171100,28.280001
27.76,28.48,27.629999,27.9,5182400,27.9
28.870001,28.959999,27.700001,27.889999,7481700,27.889999
29.389999,29.75,28.959999,29.030001,7153500,29.030001
30.02,30.59,29.32,29.450001,7458100,29.450001
30.030001,30.790001,30.01,30.24,6446900,30.24
31.059999,31.91,30.530001,30.620001,8196600,30.620001
30.280001,31.17,30.129999,30.809999,6367900,30.809999
30.139999,30.83,30.1,30.32,8137100,30.32
31.68,32.16,30.5,31.139999,11437200,31.139999
30.59,31.950001,30.42,31.02,16615300,31.02
32.189999,32.23,30.48,30.5,9348200,30.5
33.669998,34.290001,32.509998,32.669998,11172100,32.669998
33.48,35.330002,32.91,33.169998,16464200,33.169998
33.349998,34.07,32.540001,33.48,18209900,33.48
32.700001,35.720001,32.290001,35.52,23239000,35.52
34.279999,34.560001,32.779999,32.990002,14177800,32.990002
38.799999,39.009998,35.540001,35.599998,15078500,35.599998
37.529999,39.419998,36.900002,38.580002,23599900,38.580002
44.259998,44.599998,39.360001,40.330002,31085600,40.330002
41.580002,44.25,39.18,39.41,39176100,39.41
38.490002,40.439999,36.5,38.93,31063700,38.93
35.240002,39.66,34.639999,39.560001,26666700,39.560001
32.41,35.889999,31.74,35.849998,26406400,35.849998
29.92,32.330002,29.719999,32.209999,21524700,32.209999
32.419998,32.700001,29.43,29.549999,16491500,29.549999
30.84,32.299999,30.75,32.27,13056600,32.27
28.969999,30.27,28.67,30.08,9824200,30.08
30.49,30.68,29.309999,29.620001,11066900,29.620001
32.040001,32.950001,30.98,31.559999,16450400,31.559999
31.17,32.669998,31.120001,31.889999,17849800,31.889999
30.93,31.43,30.32,31.18,11034600,31.18
30.959999,31.309999,30.049999,30.809999,11434200,30.809999
30.129999,30.299999,29.02,29.370001,11251400,29.370001
28.540001,30.799999,28.530001,30.32,17286400,30.32
29.059999,29.34,28.219999,28.290001,7372100,28.290001
28.889999,29.24,28.35,29.23,10288400,29.23
27.549999,28.41,27.51,28.16,9233200,28.16
26.940001,27.610001,26.809999,27.23,8792600,27.23
27.43,27.57,27.18,27.200001,5720900,27.200001
27.75,28,27.040001,27.629999,13081400,27.629999
29.67,29.690001,27.799999,27.879999,9549200,27.879999
28.74,29.530001,28.74,29.360001,8949500,29.360001
28.09,29.08,28.02,28.620001,10215600,28.620001
28.57,28.700001,27.950001,28,5832800,28
28.290001,28.84,27.92,28.07,7050900,28.07
27.67,28.43,27.639999,28.23,7331000,28.23
27.530001,27.85,27.389999,27.51,5110400,27.51
27.870001,28.34,27.379999,27.450001,7702800,27.450001
27.76,28.34,27.379999,28.01,6841600,28.01
27.82,28.299999,27.82,27.950001,5636200,27.950001
28.059999,28.530001,27.969999,28.280001,5094000,28.280001
27.98,28.42,27.9,28.110001,5763000,28.110001
28.66,28.73,28.030001,28.27,6106300,28.27
27.719999,28.09,27.59,27.83,4642100,27.83
27.43,27.76,27.35,27.629999,4732800,27.629999
27.360001,27.639999,27.24,27.4,5370900,27.4
27.74,28.290001,27.530001,27.700001,9533900,27.700001
27.77,28.15,27.690001,27.809999,7064300,27.809999
27.92,28.290001,27.6,27.709999,10007400,27.709999
27.450001,27.709999,27.379999,27.5,6271400,27.5
27.99,28.18,27.799999,27.799999,8326100,27.799999
28.26,30.49,28.110001,28.879999,18325700,28.879999
29.450001,29.59,28.790001,28.879999,7465700,28.879999
30.870001,31.08,29.709999,29.889999,9729600,29.889999
31.74,32.060001,31.16,31.65,9387900,31.65
32.549999,32.709999,31.02,31.85,9220100,31.85
34.619999,35.119999,33.110001,33.209999,14199700,33.209999
33.029999,35.25,32.790001,34.619999,17648300,34.619999
34.389999,34.470001,32.549999,33.91,14470400,33.91
32.18,34.279999,31.82,33.790001,19617500,33.790001
32.75,33.169998,30.82,31.549999,13337300,31.549999
31.77,33.73,30.6,33.009998,21414000,33.009998
30,31.9,29.860001,31.540001,17297200,31.540001
28.290001,29.200001,28.26,29.08,9181100,29.08
28.51,28.870001,28.129999,28.620001,7283400,28.620001
28.68,29.459999,28.51,28.65,6567900,28.65
28.48,28.99,28.41,28.83,6438400,28.83
27.940001,28.440001,27.91,27.99,5112700,27.99
27.76,28.33,27.709999,28.18,6479300,28.18
27.82,28.16,27.57,27.940001,5540900,27.940001
28.15,29.120001,28.049999,28.51,8828600,28.51
28.73,28.950001,27.65,27.889999,11086800,27.889999
27.629999,30.540001,27.25,29.93,19496600,29.93
27.120001,27.77,27.02,27.27,8619500,27.27
27.23,28.440001,27.16,27.950001,7903800,27.950001
27.639999,27.66,27.200001,27.48,4797900,27.48
28.549999,28.780001,28.190001,28.299999,5421400,28.299999
29.139999,29.200001,28.17,28.58,8714300,28.58
27.799999,28,27.450001,27.65,8126800,27.65
27.91,28.790001,27.91,28.190001,8400600,28.190001
27.370001,27.82,27.309999,27.77,5448700,27.77
27.059999,27.27,26.950001,27.17,4540900,27.17
27.76,27.790001,27.27,27.549999,5333800,27.549999
28.290001,28.440001,27.540001,27.84,7624400,27.84
28.799999,28.93,28.25,28.6,5291000,28.6
29.41,29.49,28.799999,28.860001,6434500,28.860001
28.700001,29.860001,28.700001,29.110001,8080500,29.110001
30.4,30.41,28.73,28.75,8192300,28.75
29.1,30.129999,28.67,29.860001,8738900,29.860001
29.4,29.719999,28.74,28.83,5741200,28.83
29.059999,29.58,28.83,29.559999,5840200,29.559999
28.82,29.4,28.59,29.17,7255800,29.17
30.559999,30.610001,28.969999,29.02,9081500,29.02
31.65,31.83,30.59,30.67,6693000,30.67
31.959999,32.330002,31.41,31.77,5222000,31.77
32.110001,32.669998,31.48,31.82,7816300,31.82
31.08,32.919998,30.950001,32.369999,8667500,32.369999
30.75,31.309999,30.51,30.889999,5564900,30.889999
30.889999,31.07,30.17,30.209999,4143600,30.209999
30.18,30.83,29.9,30.74,6540100,30.74
31.16,31.209999,30.309999,30.35,9056600,30.35
32.75,33.02,31.82,31.950001,8819800,31.950001
33.650002,33.740002,32.93,33.150002,5019900,33.150002
33.580002,33.75,33.349998,33.5,3331600,33.5
33.560001,33.900002,33.32,33.380001,3225200,33.380001
33.639999,33.790001,33.52,33.52,4181700,33.52
33.580002,33.869999,33.41,33.639999,4775500,33.639999
33.849998,34.290001,33.650002,33.779999,5070300,33.779999
34.299999,34.450001,33.82,33.869999,4867800,33.869999
35.220001,35.23,34.82,34.950001,3776500,34.950001
35.259998,35.439999,34.91,35.240002,3945400,35.240002
35.470001,35.580002,35.080002,35.220001,7112400,35.220001
36,36.52,35.57,35.790001,8396300,35.790001
36.709999,36.779999,36.060001,36.110001,4278300,36.110001
37.119999,37.560001,36.540001,36.549999,6812500,36.549999
37.25,38.27,37.099998,37.419998,10842100,37.419998
37.310001,37.52,36.669998,37.029999,5926500,37.029999
37.040001,37.279999,36.82,37.240002,5171300,37.240002
37.810001,37.939999,37.02,37.130001,5804000,37.130001
38.970001,39.5,38.240002,38.27,5671600,38.27
38.990002,39.369999,38.23,39.119999,7688800,39.119999
39.68,40.349998,39.009998,39.049999,6997800,39.049999
39.75,40,39.310001,39.830002,6531000,39.830002
40.610001,40.849998,39.549999,39.560001,5548000,39.560001
39.93,40.459999,39.73,40,6401500,40
40.349998,40.490002,39.860001,40.209999,5321100,40.209999
40.389999,40.599998,39.959999,40.25,7188000,40.25
40.720001,40.91,40.150002,40.200001,6468300,40.200001
41.5,42.310001,40.860001,40.950001,9651600,40.950001
41.82,42.599998,41.709999,41.830002,7702800,41.830002
40.77,41.77,40.720001,41.549999,7399300,41.549999
40.990002,41.290001,40.82,41,5110100,41
41.029999,41.220001,40.57,40.889999,5766700,40.889999
41.669998,41.73,40.849998,40.939999,5418200,40.939999
42.490002,42.720001,41.619999,41.709999,7894400,41.709999
43.040001,43.709999,42.279999,42.349998,9255000,42.349998
44.119999,46.349998,43.610001,43.919998,14174500,43.919998
43.950001,45.869999,43.759998,44.380001,10688000,44.380001
43.970001,45.360001,43.330002,44.75,14078500,44.75
41.040001,43.599998,40.959999,43.439999,11918800,43.439999
41.52,42.07,40.900002,40.98,6072300,40.98
42.610001,43.360001,42,42.02,8144600,42.02
42.25,43.41,41.939999,42.799999,10580400,42.799999
40.290001,42.360001,40.25,41.84,12167400,41.84
41.02,41.540001,40.93,40.990002,5236300,40.990002
40.830002,41.439999,40.720001,41.040001,5178200,41.040001
42.029999,42.060001,40.73,40.740002,7001800,40.740002
43.119999,43.150002,42.110001,42.150002,7079800,42.150002
43.68,44.16,43.310001,43.549999,8363200,43.549999
44.529999,45.049999,44,44.07,10804000,44.07
43.360001,44.610001,43.299999,44.610001,9150500,44.610001
43.799999,44.59,43.669998,43.810001,7830000,43.810001
44.110001,45.48,43.860001,44.369999,8593500,44.369999
43.380001,44.490002,43.25,44.279999,8281200,44.279999
44.52,44.84,43.740002,43.98,6500900,43.98
43.5,45.75,42.990002,44.25,11296000,44.25
44.119999,44.41,43.310001,43.400002,9170500,43.400002
46.029999,46.080002,44.93,45.18,8716900,45.18
47.02,48.169998,46.139999,47.400002,14316800,47.400002
43.700001,46.77,43.619999,46.099998,15296800,46.099998
45.240002,45.57,44.07,44.310001,8075400,44.310001
43.630001,44.610001,43.07,44.330002,8094000,44.330002
44.240002,45.150002,43.580002,43.720001,7032500,43.720001
42.66,44.34,42.599998,43.900002,8724800,43.900002
43.040001,43.57,42.75,42.970001,5608100,42.970001
43.220001,43.880001,42.880001,43.200001,5519200,43.200001
43.720001,43.900002,43.080002,43.240002,9873700,43.240002
46.450001,47.360001,45.189999,46.279999,13078100,46.279999
43.139999,44.68,42.34,43.869999,9584400,43.869999
43.919998,44.130001,42.91,43.099998,5950100,43.099998
42.599998,43.889999,42.34,43.200001,8116000,43.200001
42.580002,43.57,42.200001,42.689999,7458800,42.689999
42.799999,42.93,42,42.700001,6674700,42.700001
42.07,43.220001,41.75,43.009998,9038400,43.009998
43.720001,44.549999,42.369999,42.540001,10300000,42.540001
41.919998,44.470001,41.5,44.169998,12558600,44.169998
41.59,42.549999,41.330002,41.43,6906500,41.43
42.48,42.740002,41.59,41.950001,6761700,41.950001
44.209999,44.209999,42.540001,42.59,7995900,42.59
43.200001,44.099998,42.830002,42.900002,9036800,42.900002
44.77,45.189999,43.330002,43.810001,10188600,43.810001
45.34,45.990002,44.650002,45.529999,7934300,45.529999
47.200001,47.400002,44.560001,45.459999,10011300,45.459999
53.189999,53.209999,48.34,48.509998,11750100,48.509998
52.93,55.220001,52.439999,53.869999,12371500,53.869999
52.130001,53.009998,51.119999,51.830002,13230600,51.830002
50.02,53.52,49.310001,53.02,18886100,53.02
50.099998,50.16,47.48,49.509998,17679600,49.509998
45.029999,46.220001,44.400002,45.66,9907600,45.66
45.720001,47.169998,44.389999,46.450001,18772700,46.450001
45.43,45.68,43.080002,43.549999,9668600,43.549999
44.650002,48.400002,43.82,45.389999,18752000,45.389999
42.220001,45.470001,42.099998,44.689999,15535600,44.689999
40.450001,42.029999,40.369999,41.09,8873500,41.09
40.150002,40.400002,39.849998,39.970001,4730400,39.970001
40.720001,41.349998,40.529999,40.580002,4953200,40.580002
41.150002,41.349998,40.57,41.130001,5300400,41.130001
40.900002,41.490002,40.759998,40.98,3728800,40.98
40.549999,41.290001,40,40.810001,5018200,40.810001
41.84,41.849998,40.540001,40.619999,11812700,40.619999
40.990002,43,40.27,42.310001,10439800,42.310001
41.5,42.279999,40.759998,40.84,5948900,40.84
41.669998,42.099998,41.5,41.830002,4089400,41.830002
41.889999,42.119999,41.5,41.77,4034500,41.77
42.23,42.299999,41.560001,41.720001,4959000,41.720001
42.48,43.099998,42.139999,42.73,6634300,42.73
43.119999,43.650002,42.59,43.16,4741600,43.16
43.220001,43.75,43.080002,43.439999,7661600,43.439999
42.110001,43.27,42.07,42.549999,4379900,42.549999
42.16,42.84,41.919998,42.57,3536300,42.57
41.279999,42.27,41.200001,42,5640400,42
41.25,41.5,41.16,41.459999,4831800,41.459999
42.380001,42.68,42.02,42.16,3441700,42.16
44.049999,44.220001,42.91,43.040001,4466000,43.040001
44.02,44.73,43.689999,44.619999,6669000,44.619999
44.23,44.560001,43.779999,44.330002,6243400,44.330002
46.799999,47.57,43.830002,43.880001,11485800,43.880001
48.09,48.669998,46.889999,47.25,7317800,47.25
46.869999,47.73,46.669998,47.450001,4928400,47.450001
47.209999,47.790001,46.990002,47.389999,5334400,47.389999
46.889999,48.259998,46.540001,47.310001,7628200,47.310001
44.84,47.299999,44.790001,47.110001,7340500,47.110001
45.060001,45.240002,44.700001,45,5653400,45
44.740002,45.169998,44.509998,44.759998,5512100,44.759998
45.709999,45.830002,44.810001,45.130001,7073600,45.130001
46.139999,47.240002,46.049999,46.709999,5056300,46.709999
47.869999,48.529999,46.369999,46.490002,8062600,46.490002
46.669998,48.09,46.25,46.849998,7363300,46.849998
45.220001,46.119999,45.209999,45.799999,4177900,45.799999
44.689999,45.459999,44.650002,45.389999,2376900,45.389999
44.599998,45.029999,44.549999,44.84,3336700,44.84
44.560001,44.970001,44.259998,44.84,4499700,44.84
43.990002,44.810001,43.98,44.59,3911100,44.59
44.849998,45.09,44.419998,44.450001,5042400,44.450001
46.130001,46.209999,44.73,45.119999,8893300,45.119999
48.080002,48.189999,45.900002,46.650002,10906300,46.650002
46.810001,48.169998,46.57,47.610001,6003600,47.610001
46.32,47.27,45.869999,47.029999,5161900,47.029999
47.330002,47.419998,47,47.029999,3643100,47.029999
48.09,48.279999,47.540001,47.639999,3798500,47.639999
49.040001,49.119999,48.040001,48.150002,3806300,48.150002
48.57,48.880001,48.130001,48.34,4523000,48.34
48.689999,48.970001,48.450001,48.52,3263700,48.52
50.150002,50.32,48.59,48.619999,5567000,48.619999
12.21,12.77,12.2,12.7,831800,12.7
12.33,12.51,12.26,12.27,2268000,12.27
12.59,12.68,12.42,12.47,2287100,12.47
12.73,12.81,12.49,12.5,2225500,12.5
12.81,12.99,12.38,12.83,2404200,12.83
12.97,13.06,12.71,12.93,2315400,12.93
12.83,13.18,12.8,12.95,2908100,12.95
12.87,13.01,12.79,12.83,1816500,12.83
12.9,13.05,12.84,12.91,1677100,12.91
12.86,13.05,12.83,12.84,2002600,12.84
12.99,13.09,12.8,12.88,1995700,12.88
13.15,13.48,13.05,13.08,3694100,13.08
12.68,13.08,12.65,13,3016000,13
12.58,13.06,12.57,12.96,3132000,12.96
12.8,13.12,12.61,12.86,4797300,12.86
13.95,13.96,13,13.01,3430400,13.01
14.83,15.03,13.77,13.77,5244900,13.77
14.8,15.66,14.52,15.56,5334200,15.56
15.07,15.34,14.47,14.68,4880000,14.68
14.8,14.85,14.27,14.53,3876600,14.53
15.76,15.77,14.75,14.77,5638400,14.77
16.950001,17.41,16.139999,16.370001,6235000,16.370001
16.209999,17.18,16.129999,16.959999,6440800,16.959999
15.67,16.24,15.49,16.209999,3551000,16.209999
15.36,15.55,14.96,15.06,2998100,15.06
14.75,15.85,14.68,15.17,5419000,15.17
14.48,14.77,14.31,14.63,2617500,14.63
14.71,14.76,14.18,14.18,2572600,14.18
14.83,14.89,14.33,14.7,3444200,14.7
13.85,14.32,13.82,14.2,2602400,14.2
13.69,13.86,13.59,13.62,1705200,13.62
13.9,14.09,13.74,13.89,2101200,13.89
13.93,14.09,13.69,13.94,2577400,13.94
13.8,14.28,13.75,14.02,2274800,14.02
13.6,13.85,13.45,13.84,3381200,13.84
13.47,13.74,13.42,13.58,2537900,13.58
14.25,14.44,13.49,13.65,4843100,13.65
14.29,14.3,14.12,14.18,2177100,14.18
14.13,14.44,14.1,14.33,2224400,14.33
14.43,14.76,14.36,14.48,1955900,14.48
14.43,14.74,14.22,14.7,2425200,14.7
15.02,15.08,14.41,14.47,2198000,14.47
15.07,15.18,14.94,14.95,3821000,14.95
15.94,16.040001,15.42,15.52,2029200,15.52
15.76,16.57,15.72,16.120001,3679300,16.120001
16.32,16.379999,15.94,16.01,1783800,16.01
16.41,16.52,16.23,16.34,2265500,16.34
16.280001,16.75,16.209999,16.41,3455800,16.41
16.709999,17.34,16.700001,17.040001,3993400,17.040001
16.73,16.860001,16.34,16.860001,3227300,16.860001
16.65,16.860001,16.219999,16.48,3710900,16.48
16,16.620001,15.77,16.530001,4726700,16.530001
14.67,15.35,14.56,15.29,2190600,15.29
14.98,15.12,14.8,14.8,1440400,14.8
15.3,15.33,15.02,15.12,2276000,15.12
15.47,15.79,14.9,15.49,4528300,15.49
15.45,15.54,14.83,15.21,2507400,15.21
15.05,15.45,14.96,15.39,2089100,15.39
15.25,15.29,14.75,14.97,3071500,14.97
15,15.3,14.93,15.26,3282300,15.26
14.29,14.54,14.22,14.49,1526700,14.49
14.38,14.71,14.29,14.39,1878000,14.39
14.92,14.93,14.46,14.52,1432400,14.52
14.42,14.74,14.28,14.6,1760700,14.6
14.36,14.7,14.3,14.41,1462200,14.41
14.7,15.02,14.53,14.64,2264400,14.64
14.14,14.59,14.09,14.48,2141200,14.48
14.19,14.27,14.01,14.05,1351000,14.05
14.62,14.63,14.21,14.25,2167700,14.25
14.68,14.76,14.54,14.6,2096500,14.6
15.38,15.39,14.73,15.06,2752500,15.06
15.65,15.79,15.37,15.4,1713800,15.4
15.66,15.86,15.52,15.71,1500300,15.71
15.73,16.01,15.45,15.51,1840600,15.51
16.120001,16.15,15.51,15.56,1880500,15.56
15.63,16.120001,15.61,15.96,2288600,15.96
15.68,16.02,15.55,15.75,2293900,15.75
16.07,16.25,15.77,15.83,2112800,15.83
16.65,16.85,16.08,16.17,2214500,16.17
16.68,16.74,16.32,16.530001,2294800,16.530001
17.18,17.34,16.790001,16.809999,2527600,16.809999
16.93,17.6,16.889999,17.41,2512000,17.41
17.17,17.309999,16.85,16.969999,1734200,16.969999
17.17,17.459999,17.08,17.35,1865700,17.35
17.08,17.379999,17,17.18,2257800,17.18
17.82,17.9,17.540001,17.66,2630400,17.66
17.74,17.98,17.629999,17.84,2852200,17.84
18.559999,18.639999,18.110001,18.209999,3382400,18.209999
19.610001,19.9,19.059999,19.059999,2810400,19.059999
20.559999,20.65,20,20.120001,1695400,20.120001
20.27,20.639999,19.799999,20.299999,2938900,20.299999
20.389999,20.440001,19.690001,20.059999,2755700,20.059999
21.209999,21.379999,20.35,20.709999,3312800,20.709999
21.139999,21.33,20.780001,20.809999,2839000,20.809999
21.629999,22.120001,21.6,21.68,3245800,21.68
22.129999,22.65,22.01,22.17,4091300,22.17
22.68,23.139999,22.129999,22.809999,6185800,22.809999
21.65,22.82,21.389999,21.559999,7237500,21.559999
20.91,23.030001,20.799999,22.41,8537700,22.41
20.24,20.389999,19.15,20.059999,5423300,20.059999
20.27,20.379999,20.049999,20.08,2462700,20.08
20.280001,20.77,20.139999,20.379999,3070400,20.379999
20.27,20.85,19.82,20.790001,4358600,20.790001
21.219999,21.5,20.08,20.219999,4588000,20.219999
19.6,21.450001,19.549999,21.200001,5415800,21.200001
19.59,20.18,19.219999,20.02,3922600,20.02
18.780001,19.129999,18.719999,18.780001,2606400,18.780001
19.370001,19.67,18.969999,19.040001,3932600,19.040001
20.35,21.280001,19.92,19.940001,4937900,19.940001
19.709999,20.280001,19.52,20.16,4675600,20.16
19.23,19.940001,19.07,19.34,3220100,19.34
19.120001,20.15,19.08,19.110001,4058700,19.110001
18.73,19.18,18.48,19.139999,3303600,19.139999
18.59,18.799999,18.35,18.540001,2130400,18.540001
18.58,18.950001,18.389999,18.549999,2825000,18.549999
18.209999,18.540001,18.1,18.27,2371900,18.27
19.01,19.139999,18.700001,18.73,2246800,18.73
19.530001,19.57,18.65,18.780001,3918000,18.780001
18.280001,18.950001,18.15,18.629999,4291800,18.629999
18.17,18.549999,18.110001,18.43,2095700,18.43
18.26,18.299999,18,18.27,1712200,18.27
18.43,18.469999,17.969999,18.030001,2696600,18.030001
18.49,18.719999,18.27,18.51,2335500,18.51
18.4,18.549999,18.190001,18.35,2194500,18.35
18.26,18.450001,18.129999,18.200001,2069000,18.200001
18.48,18.66,18.309999,18.379999,1716000,18.379999
18.77,18.98,18.450001,18.459999,2565800,18.459999
18.48,19.030001,18.389999,18.639999,2958100,18.639999
18.370001,18.68,18.219999,18.309999,1697500,18.309999
18.110001,18.459999,18.02,18.190001,1984800,18.190001
18.66,18.700001,18.26,18.379999,1631700,18.379999
18.67,19.030001,18.58,18.690001,2154200,18.690001
19.450001,19.5,19.01,19.110001,2447700,19.110001
19.129999,19.790001,19.07,19.77,3323600,19.77
19.129999,19.459999,18.889999,18.969999,2209500,18.969999
18.940001,19.290001,18.799999,19.15,1826500,19.15
19.469999,19.700001,19.17,19.24,2538400,19.24
18.85,19.4,18.780001,19.25,2458800,19.25
19.030001,19.24,18.77,19.040001,2295000,19.040001
19.360001,20.74,18.9,18.98,3733500,18.98
20.559999,21.040001,19.76,19.99,3589200,19.99
21.709999,21.84,20.27,20.440001,4095700,20.440001
21.049999,22.540001,21.01,22.040001,6440300,22.040001
19.629999,21.77,19.610001,21.07,7965400,21.07
19.629999,19.98,18.860001,18.9,4338400,18.9
18.49,21.219999,18.23,20.52,7571600,20.52
18.93,19.129999,18.309999,18.35,2595100,18.35
18.700001,18.85,18.370001,18.700001,2398100,18.700001
19.059999,19.139999,18.73,18.790001,2795300,18.790001
19.379999,19.719999,19.09,19.290001,2687700,19.290001
19.950001,20.24,19.530001,19.549999,2720400,19.549999
21.190001,21.27,20.09,20.110001,3781500,20.110001
20.34,20.879999,20.030001,20.030001,3311500,20.030001
19.65,20.58,19.559999,20.389999,3625100,20.389999
20,20.08,19.66,19.690001,2436300,19.690001
20.16,20.559999,20.08,20.32,2323500,20.32
20.26,20.440001,20.18,20.25,1815900,20.25
20.620001,20.799999,20.18,20.34,2882700,20.34
20.34,20.6,20.049999,20.139999,2628900,20.139999
20.440001,21.309999,20.15,20.68,4358200,20.68
20.68,21.280001,20.57,20.950001,2681900,20.950001
20.98,21.32,20.469999,21.02,4126900,21.02
20.85,21.08,20.299999,20.440001,3888100,20.440001
21.120001,22.74,21.02,21.58,6594000,21.58
21.83,21.889999,20.700001,21.58,4678100,21.58
20.620001,20.99,20.41,20.51,2677500,20.51
20.66,20.9,20.450001,20.530001,2851000,20.530001
20.969999,21.42,20.77,20.93,2721200,20.93
20.77,21.700001,20.629999,21.049999,3924000,21.049999
21.6,21.690001,20.700001,20.73,2810800,20.73
21.549999,22.27,21.49,21.629999,3154500,21.629999
22.299999,22.49,21.91,21.93,2252800,21.93
22.030001,22.799999,21.98,22.389999,2810500,22.389999
22.290001,22.540001,22.129999,22.280001,3176600,22.280001
24.65,24.790001,23,23.059999,3231400,23.059999
25.040001,25.620001,23.91,24.33,4911500,24.33
23.18,23.969999,22.809999,23.969999,3542400,23.969999
25.110001,25.370001,22.85,23.27,4428200,23.27
25.280001,26.809999,24.52,24.93,7154800,24.93
21.709999,25.799999,21.42,25.559999,6233800,25.559999
22.709999,23.18,22.450001,22.48,2462800,22.48
22.85,24.08,22.83,23.27,4400000,23.27
21.1,22.940001,21.07,22.83,3542200,22.83
21.790001,21.82,20.969999,21.02,2529100,21.02
21.940001,22.469999,21.84,21.969999,2374800,21.969999
22.639999,22.780001,22.030001,22.16,1741200,22.16
22.32,22.879999,22.09,22.49,2027900,22.49
22.57,22.74,22.17,22.370001,1792700,22.370001
22.91,23.120001,22.5,22.6,1922500,22.6
23.309999,23.33,22.91,22.99,2056000,22.99
23.24,24.4,23.17,23.459999,3201300,23.459999
24.129999,24.23,23.5,23.549999,2443200,23.549999
24.15,24.25,23.219999,23.67,1930000,23.67
23.799999,24.700001,23.530001,24.68,2710600,24.68
23.389999,23.42,22.809999,23.09,2608600,23.09
24.450001,24.610001,23.82,24.34,1843900,24.34
23.389999,24.33,23.110001,24.27,2547800,24.27
23.92,24.08,22.68,22.860001,2278600,22.860001
22.889999,23.860001,22.889999,23.57,1806300,23.57
22.860001,23.4,22.58,22.950001,2337400,22.950001
22.809999,24.1,22.450001,22.799999,3146800,22.799999
23.280001,23.370001,22.540001,22.67,2005300,22.67
24.01,24.459999,23.17,23.299999,1872500,23.299999
25.360001,25.530001,23.879999,23.98,2841700,23.98
25.15,25.629999,25.049999,25.629999,1473400,25.629999
25.82,25.969999,25.219999,25.49,1539700,25.49
26.35,26.450001,25.799999,26.040001,1205600,26.040001
26.41,26.629999,25.91,26.030001,1388400,26.030001
26.6,26.93,26.450001,26.459999,1482100,26.459999
26.700001,27.120001,26.5,26.57,1814600,26.57
26.75,27.48,26.690001,27.24,1365100,27.24
27.33,27.82,27.09,27.18,1690200,27.18
27.870001,28.07,27.360001,27.52,1443000,27.52
28.049999,28.190001,27.4,27.549999,1722900,27.549999
28.209999,28.559999,27.530001,28.129999,1496700,28.129999
28.67,29.540001,28.030001,28.049999,2318200,28.049999
36.400002,36.790001,31.4,31.809999,3682400,31.809999
34.82,35.669998,33.919998,35.43,2299900,35.43
33.66,35.880001,33.310001,33.709999,2684500,33.709999
32.52,33.810001,32.439999,33.740002,1396300,33.740002
32.009998,32.419998,31.870001,31.959999,641700,31.959999
33.02,33.130001,32.02,32.540001,2752800,32.540001
29.709999,30.709999,29.51,30.459999,1613700,30.459999
28.129999,29.84,28.120001,29.790001,1661600,29.790001
28.83,28.959999,27.940001,28.15,1587300,28.15
30.450001,30.49,29.24,29.290001,1196500,29.290001
30.26,30.719999,30.1,30.33,1216400,30.33
29.49,30.6,29.35,30.129999,1432100,30.129999
28.73,29.66,28.58,29.57,1371600,29.57
29.51,29.67,28.84,28.860001,1407900,28.860001
29.74,30.110001,29.530001,29.879999,843000,29.879999
30.040001,30.75,29.4,29.440001,1495000,29.440001
30.18,30.799999,30.07,30.540001,1232100,30.540001
30.719999,31.43,30.02,30.16,1933300,30.16
30.389999,31.15,29.99,30.67,1776900,30.67
28.889999,30.299999,28.809999,30.24,1619500,30.24
28.84,29.9,28.83,29.620001,1615300,29.620001
29.049999,29.76,28.93,29.1,1784100,29.1
30.870001,31.49,29.41,29.440001,2316300,29.440001
29.540001,30.459999,29.299999,30.360001,1757300,30.360001
30.559999,30.719999,29.700001,29.74,1602100,29.74
30.6,30.889999,30,30,811800,30
31.08,31.65,30.5,31.34,1252600,31.34
31.33,31.879999,31.07,31.16,1490800,31.16
33.450001,33.470001,31.65,31.700001,2000600,31.700001
35.93,37.220001,34.639999,34.68,2873300,34.68
35.98,37.490002,35.310001,36.32,2792400,36.32
33.849998,36.580002,33.75,36,2345100,36
35.549999,35.82,33.93,34.849998,1883200,34.849998
36.740002,36.77,34.68,34.790001,1449200,34.790001
37.59,37.639999,36.009998,37.18,2398800,37.18
36.889999,37.43,36.029999,37.189999,2582100,37.189999
35.080002,37.419998,34.830002,36.950001,3497900,36.950001
35.279999,35.650002,33.860001,34.330002,1922000,34.330002
35.360001,36.459999,35.18,35.560001,1629300,35.560001
33.57,35.09,33.439999,34.93,2070400,34.93
36.700001,36.779999,33.990002,34.049999,1877200,34.049999
35.59,37.43,35.540001,37.009998,1603600,37.009998
36.43,37.360001,35.810001,36.299999,2002100,36.299999
36.169998,37.360001,35.959999,36.48,1920000,36.48
36.669998,37.73,36.599998,37.470001,1784600,37.470001
36.450001,37.700001,36.220001,37.259998,2701100,37.259998
34.849998,35.939999,34.52,34.549999,1909900,34.549999
33.189999,35.330002,33.150002,34.990002,2406800,34.990002
33.200001,33.41,32.48,32.880001,1588900,32.880001
33.32,33.720001,32.779999,32.98,1447700,32.98
33.580002,33.869999,33.220001,33.389999,1341200,33.389999
35.099998,35.830002,34.080002,34.220001,1680400,34.220001
34.52,35.639999,34.189999,35.380001,1023400,35.380001
34.990002,35.330002,34.580002,35.009998,828000,35.009998
35.580002,36.380001,35.330002,35.549999,1886200,35.549999
34.57,36.16,34.389999,35.98,1302300,35.98
34.580002,34.849998,34.16,34.52,856700,34.52
33.509998,34.529999,33.119999,34.119999,2424800,34.119999
8.77,8.85,8.65,8.65,155300,8.65
8.91,9.12,8.74,8.88,558500,8.88
8.95,9.21,8.88,8.88,547100,8.88
8.77,9.14,8.54,9.09,615900,9.09
8.91,9.07,8.71,9,789000,9
9.27,9.42,8.7,8.73,867300,8.73
9.4,9.78,9.26,9.57,1127100,9.57
8.48,9.25,8.47,9.25,869700,9.25
8.79,8.84,8.5,8.57,636100,8.57
8.76,8.84,8.57,8.7,676000,8.7
8.92,9.08,8.75,8.75,793200,8.75
8.69,8.9,8.67,8.85,608900,8.85
9.16,9.24,8.82,8.86,601000,8.86
9.33,9.34,9.07,9.07,586400,9.07
8.7,9.23,8.55,9.18,971800,9.18
9.58,9.75,8.81,8.87,1176200,8.87
9.64,9.91,9.51,9.58,614900,9.58
9.89,10.01,9.61,9.86,765400,9.86
9.55,9.95,9.24,9.93,763200,9.93
9.79,9.81,9.37,9.41,914600,9.41
10.89,10.89,9.95,9.98,1155800,9.98
11.39,11.44,11.06,11.12,637700,11.12
11.57,11.77,11.41,11.43,533900,11.43
11.71,11.98,11.43,11.51,741700,11.51
11.93,12.04,11.78,11.92,478700,11.92
11.6,11.69,11.37,11.66,397400,11.66
11.59,11.67,11.41,11.64,485700,11.64
11.24,11.46,11.14,11.44,451500,11.44
11.96,11.99,11.25,11.33,572200,11.33
11.64,11.97,11.61,11.81,624300,11.81
11.71,11.83,11.45,11.6,769600,11.6
11.05,11.6,11.02,11.5,747800,11.5
11.29,11.5,11.17,11.2,587100,11.2
11.4,11.56,11.11,11.2,584000,11.2
11.71,11.92,11.51,11.51,542100,11.51
11.77,11.83,11.46,11.75,440300,11.75
11.2,11.77,11.14,11.75,650400,11.75
11.48,11.51,11.13,11.13,546400,11.13
11.76,11.84,11.42,11.42,471500,11.42
11.78,11.96,11.51,11.63,485300,11.63
12.15,12.25,11.67,11.71,514000,11.71
11.69,12.22,11.61,12.22,448900,12.22
11.98,12.05,11.72,11.86,466500,11.86
12.54,12.63,12.14,12.16,674000,12.16
13.66,13.83,13.03,13.03,798200,13.03
13.38,13.66,13.17,13.34,667700,13.34
13.52,13.67,13.25,13.64,457100,13.64
12.89,13.3,12.73,13.26,506300,13.26
12.8,13.16,12.72,12.99,672800,12.99
13.56,13.87,13.32,13.35,720000,13.35
14.59,15.1,14.21,14.45,637000,14.45
14.07,15.09,14.03,14.66,837500,14.66
14.27,14.72,13.82,14.06,890600,14.06
12.94,13.34,12.75,13.2,692100,13.2
12.78,13.05,12.55,12.55,507000,12.55
12.79,12.94,12.5,12.85,551700,12.85
12.99,13.37,12.62,12.7,729600,12.7
13.32,13.5,13.06,13.18,467300,13.18
13.97,13.99,13.34,13.35,697900,13.35
14.38,14.72,13.84,14.14,684800,14.14
14.49,14.74,13.91,14.06,611300,14.06
13.91,14.78,13.7,14.53,709200,14.53
14.17,14.5,13.98,14.14,440300,14.14
14.81,14.83,14.21,14.26,541100,14.26
13.99,14.56,13.99,14.4,678300,14.4
14.12,14.15,13.7,13.9,434800,13.9
14.87,15.07,14.17,14.22,816200,14.22
15.33,15.58,15.11,15.21,844600,15.21
16.969999,17.299999,16.24,16.26,781300,16.26
16.41,16.84,16.18,16.809999,471200,16.809999
16.67,17.35,16.440001,16.67,673300,16.67
16.98,17.379999,16.870001,17.139999,597000,17.139999
17.040001,17.35,15.8,15.89,863700,15.89
15.93,17.709999,15.76,17.700001,1038900,17.700001
16.6,17.25,15.91,15.93,1065800,15.93
16.370001,16.879999,16.27,16.629999,796200,16.629999
18.389999,18.559999,16.92,16.969999,1017100,16.969999
19.139999,19.42,18.16,18.49,753000,18.49
20.440001,20.76,19.299999,19.33,967000,19.33
20.08,20.93,19.52,20.610001,867800,20.610001
19.799999,20.49,19.48,19.6,977600,19.6
17.75,20.01,17.620001,19.950001,933900,19.950001
19.57,19.68,18.4,18.4,704100,18.4
18.780001,19.59,18.66,19.459999,925800,19.459999
20.530001,20.700001,19.639999,19.65,741400,19.65
21.879999,21.91,21.02,21.17,732100,21.17
22.120001,22.879999,21.6,21.67,936500,21.67
22.389999,22.65,21.77,22.58,1191400,22.58
20.719999,21.780001,20.110001,20.82,995800,20.82
19.76,20.559999,19.76,20.549999,812500,20.549999
19.610001,20,19.17,19.219999,682200,19.219999
20.4,20.530001,20.1,20.209999,559900,20.209999
20.129999,21.200001,19.99,20.42,904200,20.42
21.16,21.799999,20.040001,20.27,1421200,20.27
19.68,21.27,18.77,20.610001,835500,20.610001
22.27,22.58,19.889999,19.9,1167500,19.9
20.879999,22.790001,20.73,22.360001,1403900,22.360001
19.92,21.040001,19.66,21,1191300,21
19.1,20.15,18.780001,20.07,932100,20.07
18.530001,19.469999,18.18,19.43,897400,19.43
18.219999,18.5,17.959999,18.450001,816400,18.450001
17.66,17.690001,16.91,17.48,560700,17.48
17.24,17.48,16.99,17.209999,603500,17.209999
17.959999,18.299999,17.209999,17.75,939900,17.75
17.309999,18.200001,17.02,17.120001,942100,17.120001
17.65,17.700001,16.77,16.959999,569200,16.959999
16.700001,17.5,16.639999,17.23,718400,17.23
16.049999,16.75,15.94,16.540001,585900,16.540001
16.389999,16.559999,16.02,16.190001,466600,16.190001
16.51,16.57,15.83,16.01,513900,16.01
16.4,16.66,16.280001,16.549999,454900,16.549999
16.18,16.52,16.049999,16.190001,605800,16.190001
16.85,16.940001,16.08,16.23,624600,16.23
17.200001,17.27,16.77,16.82,687300,16.82
18.26,18.379999,17.91,17.91,458900,17.91
18.67,19.030001,18.24,18.360001,715200,18.360001
17.969999,18,17.57,17.77,645800,17.77
18.18,18.879999,17.77,18.379999,788500,18.379999
18.15,18.450001,17.74,18.25,680800,18.25
18.32,18.4,17.719999,17.99,721200,17.99
18.6,19.629999,18.41,18.99,795700,18.99
18.24,19.32,18.219999,19.290001,848700,19.290001
19.75,19.860001,18.200001,18.309999,842500,18.309999
19.49,20.139999,19.25,20.040001,760300,20.040001
19.08,20.549999,18.809999,20.5,1204500,20.5
18.93,19,18.25,18.98,636200,18.98
17.93,18,17.389999,17.860001,611700,17.860001
17.950001,18.35,17.309999,17.48,834200,17.48
16.709999,17.59,16.57,17.1,706300,17.1
16.9,16.98,16.190001,16.790001,561500,16.790001
16.540001,17.23,16.5,16.780001,691100,16.780001
18.41,18.41,17.07,17.24,876200,17.24
17.190001,18.85,16.91,17.33,1166600,17.33
15.93,17.25,15.84,17.200001,750700,17.200001
16.629999,16.65,15.57,15.67,863400,15.67
18.450001,18.77,17.219999,17.299999,1055500,17.299999
19.190001,19.51,18.35,18.58,958400,18.58
18.93,19.200001,18.139999,18.360001,883900,18.360001
20.73,20.879999,19.309999,19.32,777900,19.32
21.43,21.51,20.1,20.26,923500,20.26
21.48,21.83,21.379999,21.559999,584000,21.559999
22.17,22.450001,21.59,21.620001,592600,21.620001
21.09,22.49,21.02,21.940001,855900,21.940001
21.610001,21.85,21.07,21.25,824700,21.25
23.01,23.07,22.190001,22.27,571700,22.27
23.459999,23.52,22.84,23.34,566300,23.34
24.120001,24.26,23.65,23.799999,461100,23.799999
25.67,25.860001,24.690001,24.73,449600,24.73
25.73,26.25,25.219999,26.030001,805900,26.030001
24.42,24.700001,24.049999,24.190001,484900,24.190001
24.07,24.49,23.879999,24.280001,422000,24.280001
24.389999,24.549999,23.92,24.139999,520000,24.139999
24.540001,25.17,24.07,24.52,688400,24.52
25.58,25.629999,24.860001,24.959999,418700,24.959999
25.940001,26.059999,24.49,25.309999,540200,25.309999
23.809999,25.190001,23.629999,25.049999,581200,25.049999
25.84,26.1,23.950001,24.129999,557700,24.129999
26.73,26.809999,25.76,25.809999,618400,25.809999
26.24,26.950001,26.200001,26.559999,484600,26.559999
26.49,27.280001,26.26,26.6,431800,26.6
28.700001,29.209999,26.84,26.940001,658300,26.940001
26.76,28.24,26.74,28.02,725700,28.02
26.110001,28.16,26.09,26.52,709100,26.52
26.360001,26.76,25.719999,25.76,503300,25.76
27.030001,29.459999,26.77,27.870001,750500,27.870001
24.59,25.719999,24.4,25.67,441100,25.67
23.92,24.629999,23.799999,24.48,344800,24.48
23.799999,24.25,23.68,23.950001,301400,23.950001
24.209999,24.280001,23.700001,23.719999,252700,23.719999
24.280001,24.559999,23.950001,23.99,383700,23.99
25.690001,25.82,25.299999,25.33,291200,25.33
26.25,26.5,25.75,26.129999,272200,26.129999
26.309999,27.129999,26.129999,26.860001,279200,26.860001
27.02,27.25,26.5,26.860001,286700,26.860001
27.030001,27.07,25.969999,26.07,263300,26.07
26.1,27.049999,25.99,26.639999,333300,26.639999
27.82,28.18,26.540001,26.65,395700,26.65
28.389999,28.5,27.67,27.82,271600,27.82
28.379999,28.58,27.5,27.719999,347700,27.719999
29.450001,29.629999,28.34,28.42,269200,28.42
29.65,30.07,29.23,29.309999,270800,29.309999
31.059999,31.43,30.059999,30.15,247100,30.15
30.48,31.48,29.98,31.219999,255800,31.219999
31.34,32.459999,31.33,31.49,329700,31.49
30.959999,32.150002,30.639999,30.66,245100,30.66
30.92,31.24,30.77,31.16,182100,31.16
30.309999,30.82,30.01,30.639999,207100,30.639999
31.469999,31.75,31.059999,31.299999,149800,31.299999
32.029999,32.639999,31.4,31.76,226400,31.76
33.450001,33.810001,32.200001,32.25,166300,32.25
34.119999,34.490002,32.939999,33.009998,172800,33.009998
33.91,34.130001,33.400002,33.669998,156000,33.669998
34.919998,35.610001,34.77,35.529999,78700,35.529999
35.540001,35.59,34.900002,34.98,97200,34.98
34.209999,35.98,34.150002,35.880001,160800,35.880001
34.560001,34.720001,34,34.389999,85800,34.389999
33.509998,34.959999,33.330002,34.689999,136200,34.689999
33.029999,34.23,32.360001,33.830002,213600,33.830002
35.849998,36.389999,33.740002,33.759998,280400,33.759998
36.830002,36.889999,36.130001,36.220001,201000,36.220001
38.59,38.93,37.75,38.59,243000,38.59
37.900002,39.490002,37.849998,39,242400,39
39.27,39.75,38.68,39.139999,222900,39.139999
40.619999,41.66,40.009998,40.77,290100,40.77
39.970001,41.450001,39.07,40.610001,340100,40.610001
41.459999,42.32,40.799999,40.82,225000,40.82
43.07,43.209999,40.540001,40.610001,254000,40.610001
43.029999,44.049999,42.560001,43.709999,289600,43.709999
41.049999,42.740002,41,41.73,259500,41.73
40.66,40.970001,40,40.540001,179600,40.540001
38.950001,41.169998,38.91,40.689999,272400,40.689999
39.709999,40.869999,39,40.790001,268600,40.790001
41.970001,42.119999,40.540001,40.82,224100,40.82
42.849998,43.189999,41.639999,41.810001,244300,41.810001
46.369999,46.970001,45.43,45.880001,264900,45.880001
45.869999,47.330002,45.439999,46.82,253000,46.82
48.73,49.349998,47.700001,49.200001,156000,49.200001
47.529999,48.639999,47.220001,48.599998,331300,48.599998
47.779999,48.209999,46.34,46.419998,376800,46.419998
49.279999,49.509998,47.110001,47.540001,422200,47.540001
47.16,48.5,46.82,46.889999,392400,46.889999
46.630001,49.43,46.150002,48.439999,563200,48.439999
45.529999,46.619999,43.849998,46.290001,411600,46.290001
45.439999,45.82,43.66,44.130001,365600,44.130001
44.169998,45.419998,44.060001,44.619999,288500,44.619999
43.740002,43.880001,42.959999,43.540001,248400,43.540001
45.599998,48.189999,45.27,45.48,481800,45.48
43.919998,48.799999,43.439999,48.52,547200,48.52
42.240002,43.5,40.75,40.82,336900,40.82
43.41,44.59,42.75,42.82,278100,42.82
43.439999,44.799999,42.470001,43.25,299800,43.25
43.259998,46,42.189999,42.310001,382800,42.310001
44.299999,46.080002,44.02,44.5,369700,44.5
46.16,47.240002,44.259998,45.919998,699800,45.919998
37.860001,40.110001,37.549999,40.110001,303600,40.110001
37.220001,37.540001,35.939999,36.259998,167200,36.259998
37.73,38.720001,36.09,36.450001,292100,36.450001
42.16,45.299999,41.830002,42.029999,354600,42.029999
41.619999,44.169998,41.59,43.799999,382200,43.799999
43.32,43.32,41,41.169998,254600,41.169998
44.57,45.349998,43.700001,43.790001,294700,43.790001
46.25,48.25,45.68,46.32,489000,46.32
42.73,46.73,42.299999,45.869999,351800,45.869999
44.700001,46.32,41.450001,43,496500,43
40.630001,44.91,40.57,44.66,397000,44.66
41.130001,42.110001,40.32,40.459999,283000,40.459999
43.400002,44.759998,42.790001,42.880001,332300,42.880001
44.490002,44.66,42.16,42.970001,400500,42.970001
47.200001,47.259998,45.77,46.040001,266800,46.040001
48.25,48.330002,46.599998,46.610001,251900,46.610001
48.48,51.189999,48.439999,50.220001,509300,50.220001
50.419998,51.400002,49.360001,49.380001,348000,49.380001
52.16,53.130001,50.07,50.259998,476700,50.259998
58.259998,59.18,52.52,52.849998,757800,52.849998
54.509998,56.970001,53.139999,56.84,665700,56.84
51.77,53.59,50.790001,53.369999,506200,53.369999
49.07,52.25,48.5,49.860001,502300,49.860001
47.169998,50.810001,46.650002,50.73,445400,50.73
46.459999,48.130001,45.549999,47.639999,451900,47.639999
49.43,51.299999,48.470001,48.599998,526900,48.599998
50.220001,51.119999,49.200001,50.34,561300,50.34
49.130001,51.360001,47.830002,49.84,978700,49.84
42.669998,45.240002,42.119999,45.209999,463000,45.209999
42.549999,43.09,41.380001,42.880001,498200,42.880001
43.490002,44.330002,42.439999,42.939999,501700,42.939999
42.060001,43.029999,41.349998,41.549999,459700,41.549999
43.59,44.040001,42.34,42.380001,427400,42.380001
45.25,46.959999,43.59,44.599998,587500,44.599998
45.950001,47.290001,45.650002,45.849998,630900,45.849998
47.959999,49.150002,46.029999,46.25,733100,46.25
43.119999,46.380001,42.84,45.830002,754200,45.830002
41.779999,42.139999,40.450001,41.860001,480400,41.860001
41.43,41.919998,41.02,41.189999,351600,41.189999
45.299999,45.330002,42.610001,42.720001,632500,42.720001
41.400002,41.900002,40.810001,41.48,540600,41.48
38.889999,39.529999,37.84,39.490002,558900,39.490002
38.5,39.439999,37.779999,38.959999,594200,38.959999
39.18,39.970001,38.380001,38.900002,520300,38.900002
39.490002,39.68,38.48,38.5,413500,38.5
43.25,44.099998,40.32,41.07,930700,41.07
39.779999,42.740002,39.25,41.73,760000,41.73
41.73,42.150002,39.639999,40.900002,675400,40.900002
43.73,44.740002,41.52,41.77,920600,41.77
40.130001,44.43,38.849998,43.860001,921100,43.860001
43.029999,43.110001,39.919998,42.549999,1159100,42.549999
36.66,41.369999,36.549999,40.470001,1596900,40.470001
32.389999,33.900002,32.09,33.529999,656100,33.529999
32.919998,34,32.279999,32.869999,874500,32.869999
33.049999,33.549999,32.119999,32.18,678100,32.18
32.669998,34.23,32.220001,34.130001,898100,34.130001
34.580002,35.529999,32.860001,33.779999,1306000,33.779999
32.669998,35.439999,32.279999,35.169998,794600,35.169998
33.450001,36.080002,31.24,31.26,1903000,31.26
33.080002,35.630001,31.889999,34.779999,2234400,34.779999
27.66,33.25,27.200001,30.309999,1873700,30.309999
25.040001,28.9,24.860001,28.889999,1489700,28.889999
24.059999,25.200001,23.66,24.08,879400,24.08
23.16,23.99,22.6,23.969999,677200,23.969999
22.16,23.93,22.049999,22.41,733400,22.41
24.620001,24.98,23.280001,23.41,783800,23.41
23.440001,24.02,22.639999,23.84,577000,23.84
22.41,23.440001,22.389999,23.299999,680100,23.299999
21.620001,22.17,21.530001,22,374600,22
21.4,21.59,21.059999,21.52,324600,21.52
20.700001,21.09,20.540001,20.73,322400,20.73
21.459999,21.610001,20.83,20.879999,484500,20.879999
22.07,22.52,21.950001,22.040001,337200,22.040001
23.16,23.219999,22.41,22.52,423900,22.52
23.629999,24.120001,23.549999,23.639999,560800,23.639999
23.129999,23.99,22.82,23.16,575300,23.16
22.299999,23.959999,22.290001,23.379999,796500,23.379999
22.1,22.83,21.469999,22.57,501500,22.57
22.49,22.6,21.559999,22.57,563400,22.57
21.360001,22.120001,21.09,22.02,573000,22.02
20.85,20.860001,20.33,20.35,419800,20.35
19.969999,20.16,19.879999,20.110001,291300,20.110001
20.610001,21.01,20.42,20.68,343800,20.68
20.24,20.5,20.08,20.360001,300000,20.360001
20.98,21.08,20.139999,20.290001,425100,20.290001
21.610001,21.67,20.9,21.139999,474800,21.139999
22.58,22.799999,21.99,22.030001,534100,22.030001
23.83,24.02,23.15,23.190001,334800,23.190001
24.559999,24.889999,24,24.17,361700,24.17
23.370001,24.639999,23.23,24.530001,455900,24.530001
24.889999,25.209999,23.51,23.549999,732000,23.549999
23.09,23.620001,22.610001,23.549999,440600,23.549999
23.41,23.559999,22.75,23.32,483400,23.32
25.450001,25.6,24.08,24.120001,438500,24.120001
24.92,25.879999,24.639999,25.24,613600,25.24
24.9,26.889999,24.5,25.74,940300,25.74
23.33,24.540001,23.15,24.43,788300,24.43
22.610001,22.629999,22.25,22.52,311500,22.52
22.790001,23.73,22.52,23.24,431300,23.24
22.23,23.110001,22.15,22.860001,550100,22.860001
22.48,22.549999,21.93,22.110001,259000,22.110001
22.5,22.940001,22.24,22.83,430800,22.83
22.309999,22.49,21.9,22.48,345900,22.48
22.35,23.02,22.07,22.75,370100,22.75
23.309999,23.32,22.08,22.370001,430800,22.370001
22.280001,23.07,22.1,22.35,457000,22.35
21.450001,22.66,21.35,22.629999,489400,22.629999
21.15,21.559999,21.1,21.290001,275500,21.290001
21.99,22.049999,21.610001,21.940001,257700,21.940001
22.889999,23.059999,22.25,22.290001,320400,22.290001
23.469999,23.51,22.58,22.799999,267200,22.799999
23.26,23.49,22.959999,23.469999,270200,23.469999
23.9,24.040001,23.200001,23.51,406200,23.51
22.549999,23.24,22.219999,22.76,488200,22.76
22.74,23.059999,22.459999,22.540001,354600,22.540001
23.6,23.879999,22.92,23.049999,300900,23.049999
24.440001,24.780001,23.610001,23.690001,418800,23.690001
23.860001,24.17,23.139999,24.17,370900,24.17
23.17,24,23.139999,23.629999,329800,23.629999
23.98,24.32,23.1,23.33,317100,23.33
23.18,24.27,23.17,23.559999,339600,23.559999
23.74,23.91,23.049999,23.16,285400,23.16
24.870001,24.92,23.91,23.99,257200,23.99
24.190001,25.58,23.75,24.84,481100,24.84
25.5,25.6,24.360001,25.35,546000,25.35
24.42,25.48,24.35,24.65,455500,24.65
23.950001,24.950001,23.950001,24.370001,333100,24.370001
22.950001,24.08,22.950001,23.879999,285000,23.879999
23.15,23.389999,23.110001,23.16,193300,23.16
23.719999,23.74,23.02,23.15,220300,23.15
23.809999,24.75,23.41,23.43,378400,23.43
24.02,24.18,23.450001,23.780001,295100,23.780001
24.76,24.959999,24.25,24.309999,175400,24.309999
25.129999,25.57,24.860001,24.879999,239400,24.879999
25.74,25.85,25.440001,25.65,273600,25.65
27.809999,27.870001,26.700001,26.77,354600,26.77
28.77,29.309999,28.01,28.129999,503300,28.129999
27.969999,28.32,27.4,27.549999,350300,27.549999
29.01,29.17,28.02,28.190001,268100,28.190001
28.49,29.08,28.360001,28.43,271700,28.43
29.23,29.52,28.66,28.92,398500,28.92
28.700001,29.049999,28.309999,28.65,272900,28.65
28.08,29.299999,27.889999,28.92,330800,28.92
28.25,29.02,28.09,28.379999,316500,28.379999
28.02,28.68,27.860001,28.18,241100,28.18
29.040001,29.09,28.17,28.290001,271300,28.290001
28.82,29.26,28.620001,28.799999,196900,28.799999
28.719999,29.43,28.459999,29.09,269900,29.09
29.700001,29.83,29.27,29.370001,221600,29.370001
29.57,29.809999,29.23,29.450001,240800,29.450001
30.68,31.219999,29.99,29.99,232200,29.99
30.120001,30.799999,29.790001,30.77,199600,30.77
30.02,30.459999,29.6,30.370001,322400,30.370001
30.34,30.950001,30.1,30.41,311000,30.41
32.759998,33.330002,31.120001,31.26,363400,31.26
32.27,32.860001,32.099998,32.5,249100,32.5
33.849998,33.970001,32.549999,32.669998,342400,32.669998
34.880001,35.919998,34.77,35.360001,377300,35.360001
35.639999,36.82,35.369999,36.48,574500,36.48
35.09,39.139999,34.77,37.630001,940200,37.630001
37.040001,37.049999,34.130001,34.740002,654400,34.740002
34.049999,34.34,33.209999,33.330002,412300,33.330002
34.540001,34.599998,32.759998,33.009998,399800,33.009998
33.43,34.169998,33.080002,33.919998,539700,33.919998
32.09,33.189999,31.99,32.25,403700,32.25
32.450001,33.299999,31.57,31.809999,384500,31.809999
31.280001,33.529999,30.9,32.490002,526000,32.490002
30.790001,32.34,30.58,31.66,489300,31.66
31.1,31.459999,30.809999,30.879999,368000,30.879999
32.490002,32.950001,31.450001,32.529999,450200,32.529999
29.889999,32.5,29.82,32.450001,472800,32.450001
30.74,30.84,29.969999,30.18,272300,30.18
32.700001,32.75,31.469999,31.51,301200,31.51
34.07,35.029999,33.360001,33.68,456300,33.68
32.639999,35.18,32.279999,34.009998,669400,34.009998
30.77,32.860001,30.1,32.549999,570600,32.549999
28.620001,29.34,28.59,29.030001,206900,29.030001
28.6,28.959999,28.51,28.790001,202000,28.790001
27.709999,28.48,27.450001,28.459999,289100,28.459999
27.959999,28.17,27.790001,28.110001,219500,28.110001
28,28.18,27.700001,27.73,156400,27.73
28.75,28.799999,27.93,28.02,231600,28.02
29.139999,29.25,28.299999,28.51,277700,28.51
28.690001,29.110001,28.35,28.51,290600,28.51
28.620001,29.190001,28.25,28.42,218700,28.42
28.9,28.92,28.389999,28.77,238500,28.77
29.85,30.15,29.139999,29.209999,279800,29.209999
30.5,31.25,29.84,29.950001,235600,29.950001
30.719999,30.790001,29.9,30.34,254700,30.34
31.200001,31.35,30.110001,30.48,242700,30.48
31.639999,32.360001,31.49,32.029999,274800,32.029999
29.48,32.57,29.08,32.099998,571400,32.099998
30.120001,30.42,29.51,29.610001,226300,29.610001
30.82,31.120001,29.93,30.24,252200,30.24
31.84,32.41,31.139999,31.190001,304900,31.190001
32.299999,32.5,31.360001,31.58,213400,31.58
31.040001,32.560001,30.91,32.23,269800,32.23
32.34,33.209999,31.75,31.85,368800,31.85
30.799999,32.880001,30.68,32.18,392300,32.18
31.59,31.639999,30.49,30.559999,232000,30.559999
33.119999,33.220001,31.25,31.57,308800,31.57
33.27,33.720001,32.93,32.990002,239100,32.990002
34.16,34.32,33.279999,33.43,250000,33.43
35.439999,35.73,34.849998,34.939999,206800,34.939999
36.549999,37.330002,35.779999,36,166700,36
35.610001,36.990002,35.049999,36.049999,273000,36.049999
35.639999,36.330002,35.369999,35.93,187900,35.93
36.93,37.049999,35.580002,35.830002,152200,35.830002
36.43,37.630001,36.220001,36.330002,185900,36.330002
36.889999,36.91,36.07,36.490002,112000,36.490002
38.099998,38.43,37.52,37.610001,91800,37.610001
38.529999,38.599998,37.84,37.919998,133900,37.919998
38.630001,38.799999,38.27,38.400002,85400,38.400002
38.279999,39.209999,38.279999,38.93,71800,38.93
38.110001,38.970001,38.110001,38.459999,94600,38.459999
36.59,38.360001,36.59,37.799999,146000,37.799999
36.48,36.799999,36.310001,36.619999,105500,36.619999
36.880001,37.049999,36.57,36.82,107600,36.82
37.759998,38.400002,37.240002,37.470001,139100,37.470001
38.970001,39.27,38.099998,38.32,140600,38.32
39.599998,40.099998,38.970001,39.009998,181800,39.009998
39.200001,39.970001,38.330002,39.790001,197100,39.790001
38.470001,39.299999,38.34,38.900002,126800,38.900002
37.630001,38.91,37.59,38.689999,145700,38.689999
37.959999,38.5,37.73,38.130001,128800,38.130001
38.150002,39.209999,38.040001,38.540001,186700,38.540001
39.990002,40.73,38.810001,39.049999,167000,39.049999
39.139999,40.189999,38.75,40.150002,178400,40.150002
41.389999,41.650002,40.259998,40.549999,119500,40.549999
43.889999,43.91,41.110001,41.299999,177600,41.299999
46.25,46.34,43.259998,43.310001,233500,43.310001
46.990002,47.09,45.98,46.950001,198500,46.950001
47.68,49.290001,47.119999,49.290001,255900,49.290001
46.009998,48,45.52,46.099998,198300,46.099998
44.09,45.759998,43.439999,45.759998,129400,45.759998
43.73,43.889999,43.009998,43.16,124500,43.16
44.759998,45.830002,44.360001,44.869999,324900,44.869999
44.880001,45.5,42.91,42.919998,232600,42.919998
45.639999,46.75,44.41,44.450001,145800,44.450001
46.509998,46.509998,44.93,45.330002,180000,45.330002
49.080002,49.16,47.130001,48.080002,206100,48.080002
47.889999,50.630001,47.880001,49.34,320600,49.34
47.16,47.389999,45.599998,47.240002,164700,47.240002
46.310001,48.400002,45.369999,47.599998,292000,47.599998
45.849998,46.52,45.139999,45.43,170400,45.43
45.23,46.880001,44.52,44.599998,215400,44.599998
44.349998,46.290001,44,45.389999,186400,45.389999
11.35,11.61,11.24,11.29,21700,11.29
11.05,11.28,11.01,11.14,130000,11.14
11.61,11.63,11.23,11.26,177700,11.26
12.87,13.07,11.98,12.07,195200,12.07
12.99,13.02,12.81,12.86,92100,12.86
13.1,13.41,12.8,13.22,111400,13.22
13.09,13.3,13.04,13.1,76300,13.1
12.9,13.34,12.81,13.05,93600,13.05
13.18,13.67,13.04,13.11,129700,13.11
12.89,13.02,12.72,12.92,92800,12.92
12.52,12.79,12.35,12.65,120400,12.65
13.29,13.34,12.82,12.83,131900,12.83
13.56,13.88,13.26,13.43,177900,13.43
14.42,14.51,13.67,13.75,131500,13.75
14.49,14.74,14.11,14.48,197600,14.48
14.57,14.73,13.84,14.03,92700,14.03
14.44,15.16,14.4,14.42,126000,14.42
14.33,15.02,14.27,14.7,144100,14.7
14.27,14.43,14,14.2,138800,14.2
15.29,15.5,14.44,14.5,163900,14.5
15.32,15.34,15.06,15.11,77700,15.11
16.209999,16.219999,15.38,15.4,128100,15.4
16.120001,16.540001,16,16.139999,89200,16.139999
16.34,16.57,16.200001,16.24,96600,16.24
16.98,17.07,16.32,16.440001,128800,16.440001
17.18,17.49,16.99,17.370001,84800,17.370001
16.98,17.41,16.98,17.040001,84200,17.040001
16.77,17.5,16.6,17.290001,129600,17.290001
16.83,17.040001,16.639999,16.93,97000,16.93
16.629999,17.190001,16.540001,16.6,105700,16.6
16.610001,16.76,16.440001,16.75,70400,16.75
17.139999,17.139999,16.610001,16.629999,94800,16.629999
17.51,17.719999,17.1,17.620001,107800,17.620001
16.93,17.219999,16.58,17.059999,109700,17.059999
16.719999,16.93,16.450001,16.790001,144200,16.790001
17.030001,17.17,16.690001,16.73,91800,16.73
17.200001,17.52,17.110001,17.16,111800,17.16
17.4,17.68,17.26,17.379999,86200,17.379999
17.790001,17.9,17.23,17.309999,91800,17.309999
17.709999,17.84,17.379999,17.57,95300,17.57
18.129999,18.15,17.52,17.58,113100,17.58
18.790001,18.889999,18.5,18.540001,72500,18.540001
18.76,18.940001,18.530001,18.940001,88600,18.940001
19.48,19.559999,19.1,19.25,57800,19.25
19.51,19.780001,19.219999,19.6,82700,19.6
19.440001,19.59,19.049999,19.08,110200,19.08
20.51,20.629999,20.01,20.049999,67800,20.049999
21.209999,21.379999,20.549999,20.629999,107700,20.629999
22.25,22.540001,21.690001,21.959999,104100,21.959999
21.58,22.24,21.26,22.18,61700,22.18
22.5,23.23,21.5,21.5,109500,21.5
22.389999,23.24,22.17,22.9,96600,22.9
23.700001,23.870001,22.530001,22.67,101700,22.67
23.33,23.98,22.870001,23.25,114000,23.25
22.549999,22.629999,22.15,22.559999,86600,22.559999
23.370001,23.59,22.77,22.84,74300,22.84
22.450001,23.52,22.200001,23.200001,103500,23.200001
22.59,22.77,22.049999,22.219999,72600,22.219999
22.84,23.01,22.43,22.67,65800,22.67
24.040001,24.1,23.280001,23.610001,65900,23.610001
23.370001,23.889999,23.129999,23.780001,81900,23.780001
23.629999,23.799999,22.879999,23.15,90900,23.15
22.200001,22.85,22.17,22.84,110000,22.84
21.719999,21.91,21.01,21.299999,96600,21.299999
21.26,21.5,21.01,21.08,47300,21.08
22.120001,22.5,21.4,21.4,105200,21.4
21.77,21.85,21.360001,21.6,68200,21.6
21.389999,21.629999,21.15,21.540001,63500,21.540001
21.459999,21.91,21.299999,21.530001,54300,21.530001
21.99,22.1,21.219999,21.23,74500,21.23
23.549999,23.690001,22.42,22.57,97500,22.57
22.540001,23.48,22.1,22.83,88000,22.83
23.25,23.389999,22.610001,22.870001,82200,22.870001
22.280001,23.059999,22.17,22.639999,78100,22.639999
23.65,23.76,22.67,22.82,61500,22.82
24.200001,24.540001,23.5,23.65,91200,23.65
24.870001,24.879999,23.67,24.07,86300,24.07
24.889999,25.99,24.6,25.4,97500,25.4
27.440001,27.51,25.049999,25.17,85800,25.17
27.040001,27.309999,26.35,26.530001,83300,26.530001
26.459999,27.85,26.09,27.370001,93800,27.370001
25.98,27.25,25.58,25.700001,92800,25.700001
25.290001,26.299999,25.25,25.93,75100,25.93
24.780001,25,24.370001,25,77700,25
25.67,25.969999,25.030001,25.24,69700,25.24
26.33,26.48,25.52,25.549999,55200,25.549999
26.209999,26.77,25.9,26.24,79100,26.24
28.33,28.389999,26.77,26.9,93700,26.9
28.450001,29.5,27.629999,28.700001,95600,28.700001
30.389999,30.85,29.700001,29.99,91900,29.99
30.93,32.939999,30.66,30.9,149900,30.9
30.809999,31.49,29.629999,31.200001,99400,31.200001
29.77,31.34,29.6,30.790001,139000,30.790001
27.540001,28.450001,27.440001,28.18,50400,28.18
28.1,28.75,27.639999,27.719999,76000,27.719999
27.17,28.74,26.889999,28.35,96200,28.35
26.48,27.75,26.200001,26.709999,95000,26.709999
25.41,26.700001,25.27,26.49,81900,26.49
24.190001,25.68,24.030001,25.48,68100,25.48
25.549999,25.75,24.639999,25.07,58300,25.07
25.93,26.74,25.5,25.52,79200,25.52
27,27.02,26.059999,26.27,67800,26.27
27.969999,28,26.66,26.700001,72000,26.700001
28.02,28.450001,27.389999,28.43,83000,28.43
30.110001,30.17,28.75,28.85,67400,28.85
30.09,30.360001,29.42,29.57,84900,29.57
30.629999,31.6,29.549999,31.18,89500,31.18
31.9,32.849998,31.1,31.139999,150700,31.139999
30.610001,32.459999,30.450001,32.27,118700,32.27
30.379999,31.5,29.43,31.290001,130800,31.290001
28.5,29.049999,28.07,28.4,82200,28.4
30.049999,30.440001,28.799999,28.870001,99600,28.870001
29.940001,30.200001,28.719999,30.190001,114500,30.190001
28.08,29.290001,28.049999,28.58,132700,28.58
29,29.33,28.24,28.33,111000,28.33
30.299999,31.32,29,31.030001,150000,31.030001
35.98,36.099998,31.65,31.66,176700,31.66
33.400002,33.82,32,33.119999,125900,33.119999
35.740002,36.220001,32.18,33.310001,215600,33.310001
32.110001,35,32,34.07,309200,34.07
29.809999,31.25,28.700001,29.85,221800,29.85
26.24,29.299999,25.5,29.129999,165000,29.129999
26.559999,29,26.450001,27.48,144300,27.48
25.65,28,25.379999,26.860001,183600,26.860001
24.360001,24.9,23.65,24.73,84900,24.73
25.110001,25.200001,23.93,24.08,85700,24.08
26.41,26.6,24.58,25.629999,139500,25.629999
24.58,25.9,23.52,25.08,162200,25.08
26.809999,31.27,26.5,29.25,241900,29.25
24.01,31.540001,23.33,26.120001,178800,26.120001
23.48,24.360001,22.43,23.34,129600,23.34
21.08,22.709999,21.02,22.370001,115700,22.370001
20.76,20.780001,20.17,20.33,57000,20.33
19.66,21.219999,19.48,21.209999,67000,21.209999
20,20.09,19.290001,19.58,50100,19.58
20.09,20.950001,19.85,20.389999,80000,20.389999
18.98,20.6,18.68,20.5,113600,20.5
18.41,18.74,18.200001,18.66,37800,18.66
18.450001,18.690001,18.15,18.370001,33400,18.370001
18.99,19.4,18.379999,18.440001,59700,18.440001
18.41,18.950001,17.84,18.59,58300,18.59
19.129999,19.26,18.219999,18.27,67700,18.27
20.25,20.459999,19.309999,19.389999,59500,19.389999
19.27,20.780001,19.129999,19.969999,87200,19.969999
19.18,19.280001,18.74,19.059999,42100,19.059999
19.42,19.48,19.059999,19.15,52400,19.15
19.58,20,19.43,19.700001,45300,19.700001
19.51,19.610001,19.27,19.5,35000,19.5
19.620001,19.780001,19.450001,19.549999,32200,19.549999
20.129999,20.65,19.639999,19.719999,41900,19.719999
19.700001,20.23,19.469999,20,42100,20
20.379999,20.5,19.5,19.57,30000,19.57
20.74,20.92,20.190001,20.219999,25500,20.219999
20.74,21.25,20.26,21.02,37800,21.02
21.549999,21.6,21.01,21.01,33600,21.01
21.75,21.83,21.27,21.290001,27300,21.290001
21.76,21.92,21.49,21.58,19900,21.58
22.219999,22.48,21.799999,21.99,35600,21.99
21.75,22.32,21.27,22.309999,39100,22.309999
21.870001,22.33,21.709999,22.059999,34700,22.059999
21.870001,22.129999,21.49,21.51,29800,21.51
22.870001,22.98,21.860001,21.93,33800,21.93
22.34,22.709999,21.780001,22.34,39100,22.34
22.379999,22.4,21.969999,22.08,34700,22.08
23,23.07,22.09,22.389999,42900,22.389999
23.83,23.83,23.02,23.17,26300,23.17
24.01,24.309999,23.77,23.9,17100,23.9
23.75,24.299999,23.59,23.85,18900,23.85
24.08,24.459999,23.950001,24.08,25200,24.08
23.719999,23.9,23.18,23.889999,24800,23.889999
23.879999,24.190001,23.309999,23.790001,29900,23.790001
23.969999,23.969999,23.219999,23.549999,49100,23.549999
24.82,25,23.77,24.01,35000,24.01
25.27,25.42,24.93,25.01,14900,25.01
25.24,25.43,24.93,25.25,31500,25.25
25.42,25.620001,25.110001,25.35,21300,25.35
26,26.02,25.5,25.639999,18500,25.639999
26.65,26.940001,26.1,26.290001,18100,26.290001
27.629999,28.219999,26.74,26.74,27000,26.74
27.190001,27.370001,26.6,26.799999,18000,26.799999
26.99,28.07,26.67,27.280001,31600,27.280001
26.77,27.469999,26.42,26.82,24800,26.82
28.24,28.24,27,27.049999,22700,27.049999
29.200001,29.200001,27.620001,27.84,26500,27.84
29.57,29.66,28.940001,28.940001,18600,28.940001
30.75,30.809999,29.629999,29.82,20500,29.82
32.75,33,31.32,31.43,16300,31.43
32.400002,33.080002,31.139999,31.4,19000,31.4
32.43,33.470001,31.879999,32.09,25100,32.09
32.540001,33.290001,31.66,32.299999,25400,32.299999
32.66,33.439999,32.110001,33.310001,22000,33.310001
31.92,34.439999,31.43,32.650002,60500,32.650002
29.75,32.41,29.75,32.360001,36800,32.360001
29.389999,29.4,28.6,29.129999,14700,29.129999
29.9,30,28.809999,29.02,37300,29.02
31.040001,31.059999,30.059999,30.16,15400,30.16
30.52,32.18,30.120001,31.639999,26600,31.639999
30.6,31.98,30.5,31.02,27200,31.02
31.780001,32.740002,31,31,33700,31
31.969999,32.02,30.540001,31.719999,29200,31.719999
30.91,32.040001,30.65,31.59,26100,31.59
29.75,32.25,29.290001,31.889999,45300,31.889999
27.799999,29.48,27.290001,29.32,44700,29.32
28.440001,29.26,27.77,27.809999,29100,27.809999
29.65,29.67,27.700001,27.82,23100,27.82
29.01,30.040001,28.780001,29.51,27500,29.51
29.58,29.75,28.6,28.75,18200,28.75
29.799999,30.379999,29.07,29.469999,17100,29.469999
29.67,30.620001,29.34,29.889999,24100,29.889999
29.299999,29.549999,28.91,28.98,15700,28.98
30.6,30.65,29.5,29.52,14300,29.52
31.200001,31.32,30.32,30.32,16000,30.32
32,32.099998,31.01,31.200001,17500,31.200001
32.759998,32.799999,32.029999,32.09,12600,32.09
33.220001,33.240002,32.639999,32.709999,14100,32.709999
