Date,Open,High,Low,Close,Volume,Change
2017-05-05,11.78,11.75,11.95,11.6,-,0.51%
2017-05-04,11.72,12.09,12.3,11.65,137.12K,-2.90%
2017-05-03,12.07,11.85,12.2,11.83,96.66K,2.12%
2017-05-02,11.82,11.8,12.05,11.7,100.80K,0.00%
2017-05-01,11.82,12.2,12.35,11.65,108.49K,-3.75%
2017-04-28,12.28,12.37,12.5,12.2,107.38K,-0.81%
2017-04-27,12.38,12.4,12.5,12.25,92.68K,0.00%
2017-04-26,12.38,12.45,12.7,12.3,131.94K,-0.72%
2017-04-25,12.47,12.65,12.85,12.23,148.93K,-1.66%
2017-04-24,12.68,13.75,13.8,12.6,238.51K,-11.45%
2017-04-21,14.32,14.3,14.65,14.15,132.09K,0.00%
2017-04-20,14.32,14.55,14.7,14.1,142.81K,-1.72%
2017-04-19,14.57,14.35,14.75,13.95,146.06K,-1.02%
2017-04-18,14.72,15.05,15.7,14.65,105.90K,-2.32%
2017-04-17,15.07,16.4,16.5,15.05,76.47K,-7.66%
2017-04-13,16.32,16.3,16.65,15.67,138.13K,0.31%
2017-04-12,16.27,16.0,16.5,15.75,143.79K,1.88%
2017-04-11,15.97,15.0,16.45,14.9,203.46K,6.25%
2017-04-10,15.03,14.03,15.05,13.75,146.96K,7.13%
2017-04-07,14.03,13.55,14.25,13.47,168.14K,3.39%
2017-04-06,13.57,13.88,14.0,13.1,121.18K,-2.23%
2017-04-05,13.88,13.23,13.95,12.85,125.97K,4.99%
2017-04-04,13.22,13.5,13.75,13.1,97.70K,-1.86%
2017-04-03,13.47,13.28,14.05,13.05,140.10K,1.43%
2017-03-31,13.28,12.85,13.3,12.8,100.25K,3.59%
2017-03-30,12.82,12.95,13.15,12.75,102.60K,-0.85%
2017-02-22,13.2,13.45,13.0,13.22,98.83K,0.30%
2017-02-21,13.25,13.25,12.75,13.18,100.68K,1.15%
2017-02-20,13.03,13.05,12.88,13.03,-,-0.31%
2017-02-19,13.07,13.07,13.03,13.07,-,-0.38%
2017-02-17,13.0,13.38,12.95,13.12,135.62K,1.16%
2017-02-16,12.85,13.7,12.75,12.97,179.91K,0.70%
2017-02-15,12.3,12.95,12.25,12.88,197.13K,15.21%
2017-02-14,11.4,11.55,11.05,11.18,106.85K,-2.19%
2017-02-13,11.7,11.75,11.35,11.43,99.09K,-2.47%
2017-02-10,12.05,12.1,11.7,11.72,90.94K,-2.58%
2017-02-09,12.55,12.6,11.9,12.03,116.70K,-4.30%
2017-02-08,12.6,12.85,12.43,12.57,104.51K,0.00%
2017-02-07,12.45,12.65,12.25,12.57,91.28K,0.80%
2017-02-06,12.45,12.85,12.3,12.47,93.85K,0.00%
2017-02-03,12.92,13.1,12.25,12.47,93.36K,-3.56%
2017-02-02,12.7,13.2,12.67,12.93,85.97K,1.97%
2017-02-01,12.95,13.0,12.48,12.68,106.37K,-1.93%
2017-01-31,12.9,13.45,12.85,12.93,113.98K,0.39%
2017-01-30,12.7,13.65,12.65,12.88,143.70K,2.79%
2017-01-27,12.7,12.85,12.5,12.53,67.49K,-1.18%
2017-01-26,12.7,12.95,12.6,12.68,77.41K,-0.31%
2017-01-25,13.0,13.0,12.6,12.72,91.47K,-2.38%
2017-01-24,13.6,13.7,12.9,13.03,97.45K,-3.98%
2017-01-23,13.85,14.1,13.55,13.57,89.66K,-1.81%
2017-01-20,14.25,14.35,13.7,13.82,121.67K,-2.81%
2017-01-19,14.2,14.5,14.05,14.22,102.14K,0.28%
2017-01-18,14.2,14.35,13.95,14.18,134.42K,16.42%
2017-01-17,12.25,12.79,11.75,12.18,123.81K,0.00%
2017-01-13,12.45,12.65,12.14,12.18,110.18K,-2.33%
2017-01-12,12.55,13.35,12.35,12.47,132.75K,-0.48%
2017-01-11,12.85,13.25,12.45,12.53,119.63K,-2.72%
2017-01-10,12.95,13.2,12.75,12.88,93.07K,-0.39%
2017-01-09,12.85,13.2,12.73,12.93,85.26K,0.39%
2017-01-06,13.05,13.15,12.6,12.88,87.23K,-1.15%
2017-01-05,13.2,13.59,13.0,13.03,72.70K,-1.14%
2017-01-04,13.8,13.89,12.95,13.18,90.64K,-4.35%
2017-01-03,14.8,15.0,13.75,13.78,113.21K,-7.39%
2017-01-02,14.88,14.93,14.82,14.88,-,-1.59%
2016-12-30,14.85,15.37,14.55,15.12,72.16K,2.02%
2016-12-29,14.6,15.05,14.5,14.82,56.11K,1.37%
2016-12-28,14.05,14.65,13.94,14.62,73.78K,4.65%
2016-12-27,14.3,14.33,13.95,13.97,43.96K,-2.17%
2016-12-26,14.32,14.32,14.28,14.28,-,0.00%
2016-12-23,14.25,14.45,14.2,14.28,53.73K,0.00%
2016-12-22,14.07,14.4,14.0,14.28,81.56K,1.78%
2016-12-21,14.2,14.3,14.0,14.03,83.49K,21.26%
2016-12-20,12.15,12.2,11.4,11.57,98.53K,-4.54%
2016-12-19,12.85,12.85,12.0,12.12,90.10K,-4.72%
2016-12-16,13.1,13.15,12.65,12.72,106.53K,-2.38%
2016-12-15,13.45,13.6,13.0,13.03,109.16K,-2.98%
2016-12-14,13.3,13.65,12.84,13.43,147.36K,1.13%
2016-12-13,13.4,13.72,13.17,13.28,103.60K,-1.12%
2016-12-12,13.05,13.5,12.85,13.43,76.75K,3.07%
2016-12-09,13.4,13.8,13.0,13.03,79.59K,-2.98%
2016-12-08,13.32,13.91,13.05,13.43,129.62K,0.83%
2016-12-07,13.15,13.45,12.75,13.32,110.68K,1.52%
2016-12-06,13.55,13.75,13.05,13.12,91.32K,-3.03%
2016-12-05,15.3,15.71,13.5,13.53,138.16K,-10.22%
2016-12-02,15.05,15.36,14.5,15.07,97.03K,0.27%
2016-12-01,14.5,15.4,14.25,15.03,126.01K,3.44%
2016-11-30,14.3,14.51,14.05,14.53,94.64K,1.75%
2016-11-29,14.48,14.65,14.09,14.28,59.67K,-1.04%
2016-11-28,14.3,14.75,14.3,14.43,84.82K,0.77%
2016-11-25,14.4,14.53,14.25,14.32,43.88K,0.00%
2016-11-24,14.45,14.53,14.32,14.32,-,-0.76%
2016-11-23,14.45,14.7,14.3,14.43,71.85K,0.00%
2016-11-22,14.45,14.75,14.2,14.43,96.86K,-0.28%
2016-11-21,14.95,15.06,14.25,14.47,76.51K,-3.34%
2016-11-18,15.05,15.45,14.9,14.97,99.48K,-0.40%
2016-11-17,15.6,15.65,15.0,15.03,110.22K,-3.47%
2016-11-16,15.3,15.8,15.25,15.57,128.95K,17.95%
2016-11-15,14.5,14.65,13.15,13.2,76.93K,-8.78%
2016-11-14,14.9,15.45,14.45,14.47,100.59K,-3.08%
2016-11-11,15.35,16.3,14.75,14.93,119.64K,-2.55%
2016-11-10,14.9,16.5,13.95,15.32,191.78K,2.96%
2016-11-09,15.95,23.46,14.8,14.88,289.64K,-6.83%
2016-11-08,16.05,16.9,15.75,15.97,142.04K,-0.31%
2016-11-07,17.35,17.5,16.0,16.02,148.36K,-17.08%
2016-11-04,19.75,19.8,18.45,19.32,167.95K,-2.28%
2016-11-03,18.5,19.85,18.19,19.77,149.66K,6.75%
2016-11-02,17.85,18.57,17.7,18.52,146.61K,3.93%
2016-11-01,17.25,18.78,16.97,17.82,173.33K,3.42%
2016-10-31,16.7,17.35,16.35,17.23,109.71K,3.67%
2016-10-28,16.05,17.08,15.74,16.62,181.93K,3.42%
2016-10-27,15.6,16.15,15.25,16.07,116.80K,2.88%
2016-10-26,15.2,15.75,15.18,15.62,108.27K,2.63%
2016-10-25,14.9,15.4,14.85,15.22,86.37K,1.94%
2016-10-24,15.55,15.69,14.9,14.93,83.07K,-4.11%
2016-10-21,15.8,16.13,15.45,15.57,94.81K,-1.33%
2016-10-20,16.1,16.4,15.75,15.78,96.76K,-1.80%
2016-10-19,16.6,16.65,16.0,16.07,112.04K,2.49%
2016-10-18,16.52,16.6,15.4,15.68,85.51K,-5.08%
2016-10-17,16.65,17.1,16.41,16.52,91.29K,-0.60%
2016-10-14,17.0,17.21,15.9,16.62,113.76K,-2.35%
2016-10-13,16.3,17.7,16.28,17.02,155.46K,4.29%
2016-10-12,15.85,16.35,15.54,16.32,111.38K,3.16%
2016-10-11,14.7,16.32,14.6,15.82,147.38K,7.77%
2016-10-10,14.95,15.15,14.55,14.68,74.85K,-4.18%
2016-10-07,15.0,15.58,14.75,15.32,120.63K,2.34%
2016-10-06,15.15,15.47,14.95,14.97,79.25K,-0.99%
2016-10-05,15.37,15.59,15.1,15.12,81.70K,-1.31%
2016-10-04,15.5,16.02,15.1,15.32,142.23K,-0.97%
2016-10-03,15.75,16.0,15.4,15.47,88.50K,-1.96%
2016-09-30,15.95,16.75,15.35,15.78,131.55K,-0.94%
2016-09-29,15.25,17.05,15.05,15.93,200.38K,4.66%
2016-09-28,15.5,15.93,15.2,15.22,108.01K,-2.00%
2016-09-27,16.3,16.55,15.3,15.53,121.73K,-4.55%
2016-09-26,15.4,16.7,15.3,16.27,117.45K,4.50%
2016-09-23,15.35,15.6,15.2,15.57,125.47K,1.63%
2016-09-22,16.0,16.0,15.25,15.32,150.83K,-4.67%
2016-09-21,17.4,17.5,15.75,16.07,182.10K,1.20%
2016-09-20,15.7,16.25,14.85,15.88,83.97K,1.28%
2016-09-19,16.0,16.1,14.93,15.68,89.14K,-2.12%
2016-09-16,17.1,17.7,16.0,16.02,107.50K,-6.15%
2016-09-15,18.4,18.8,16.58,17.07,119.31K,-7.13%
2016-09-14,17.8,18.54,16.75,18.38,145.47K,3.43%
2016-09-13,15.36,19.12,15.33,17.77,263.84K,15.99%
2016-09-12,16.55,17.37,14.95,15.32,218.69K,-7.04%
2016-09-09,13.35,16.75,13.35,16.48,214.34K,23.17%
2016-09-08,13.25,13.52,13.15,13.38,72.22K,1.21%
2016-09-07,13.4,13.55,13.2,13.22,74.25K,-1.20%
2016-09-06,13.9,14.02,13.35,13.38,76.50K,-3.95%
2016-09-05,13.78,14.03,13.78,13.93,-,1.09%
2016-09-04,13.88,13.88,13.72,13.78,-,-1.08%
2016-09-02,14.6,14.83,13.85,13.93,96.63K,-4.39%
2016-09-01,14.6,15.15,14.39,14.57,87.34K,0.00%
2016-08-31,14.55,15.17,14.5,14.57,86.08K,0.28%
2016-08-30,14.68,14.95,14.5,14.53,71.92K,-1.02%
2016-08-29,15.13,15.4,14.6,14.68,77.33K,-2.91%
2016-08-26,15.0,15.73,14.48,15.12,126.48K,1.00%
2016-08-25,15.15,15.4,14.85,14.97,84.48K,-0.99%
2016-08-24,14.65,15.25,14.63,15.12,80.67K,3.00%
2016-08-23,14.85,14.85,14.5,14.68,68.69K,-0.27%
2016-08-22,14.65,15.0,14.65,14.72,82.22K,0.27%
2016-08-19,14.6,14.95,14.6,14.68,77.31K,0.75%
2016-08-18,14.85,15.13,14.55,14.57,77.02K,-1.69%
2016-08-17,15.3,15.65,14.8,14.82,116.10K,15.60%
2016-08-16,12.24,12.9,12.15,12.82,90.87K,4.91%
2016-08-15,12.4,12.42,12.05,12.22,87.34K,-0.81%
2016-08-12,12.61,12.94,12.3,12.32,88.26K,-2.38%
2016-08-11,12.9,13.06,12.43,12.62,99.82K,-2.02%
2016-08-10,12.4,13.22,12.2,12.88,104.22K,4.04%
2016-08-09,12.5,12.7,12.05,12.38,111.90K,-0.72%
2016-08-08,12.92,13.0,12.45,12.47,67.85K,-3.18%
2016-08-05,13.46,13.5,12.7,12.88,96.85K,-4.10%
2016-08-04,13.87,13.95,13.38,13.43,89.48K,-2.82%
2016-08-03,14.25,14.71,13.8,13.82,81.92K,-2.81%
2016-08-02,13.7,14.86,13.5,14.22,130.89K,4.41%
2016-08-01,13.8,14.1,13.45,13.62,105.04K,-1.45%
2016-07-29,14.4,14.65,13.75,13.82,94.00K,-3.89%
2016-07-28,14.78,15.06,14.35,14.38,97.16K,-2.71%
2016-07-27,15.15,15.45,14.6,14.78,107.76K,-2.64%
2016-07-26,15.35,15.65,15.1,15.18,82.89K,-0.91%
2016-07-25,15.4,16.0,15.2,15.32,93.81K,-0.39%
2016-07-22,15.83,15.89,15.25,15.38,82.20K,-2.78%
2016-07-21,15.45,16.05,15.3,15.82,109.56K,2.26%
2016-07-20,15.65,15.9,15.25,15.47,83.62K,26.60%
2016-07-19,13.08,13.41,12.2,12.22,83.24K,-6.50%
2016-07-18,13.9,13.9,13.0,13.07,89.96K,-5.43%
2016-07-15,14.05,14.4,13.5,13.82,98.60K,-1.50%
2016-07-14,14.2,14.38,13.75,14.03,92.06K,-1.06%
2016-07-13,14.3,14.6,14.0,14.18,99.10K,-0.70%
2016-07-12,14.66,14.85,14.15,14.28,95.38K,-2.33%
2016-07-11,14.65,14.85,14.34,14.62,80.29K,-1.08%
2016-07-08,15.95,16.29,14.65,14.78,109.65K,-7.22%
2016-07-07,16.2,16.9,15.75,15.93,109.41K,-1.55%
2016-07-06,16.85,17.8,16.05,16.18,124.32K,-3.80%
2016-07-05,16.65,17.77,16.4,16.82,119.89K,0.90%
2016-07-04,16.77,16.83,16.38,16.67,-,-0.95%
2016-07-03,16.67,16.83,16.58,16.83,-,0.36%
2016-07-01,17.05,17.5,16.45,16.77,102.38K,-1.24%
2016-06-30,17.55,18.17,16.9,16.98,141.20K,-2.86%
2016-06-29,19.0,19.15,17.45,17.48,147.59K,-7.42%
2016-06-28,23.15,23.4,18.85,18.88,229.60K,-20.17%
2016-06-27,23.35,23.7,21.7,23.65,243.83K,4.42%
2016-06-24,16.65,27.65,16.07,22.65,402.80K,35.79%
2016-06-23,19.45,19.49,16.6,16.68,184.92K,-14.15%
2016-06-22,18.7,19.6,18.1,19.43,128.22K,4.01%
2016-06-21,18.54,18.97,17.85,18.68,112.40K,1.08%
2016-06-20,19.8,19.8,17.9,18.48,151.78K,-7.92%
2016-06-17,20.05,20.34,19.58,20.07,123.66K,0.25%
2016-06-16,20.6,22.2,19.74,20.02,185.12K,-2.67%
2016-06-15,20.9,21.25,19.6,20.57,168.16K,0.00%
2016-06-14,21.35,22.15,20.02,20.57,149.17K,-3.52%
2016-06-13,17.8,21.5,17.7,21.32,198.71K,21.69%
2016-06-10,15.45,17.85,15.44,17.52,157.33K,13.25%
2016-06-09,14.95,15.8,14.93,15.47,102.42K,3.34%
2016-06-08,14.75,15.1,14.55,14.97,107.45K,1.70%
2016-06-07,14.5,14.85,14.0,14.72,98.38K,1.73%
2016-06-06,14.8,15.0,14.35,14.47,80.48K,-1.70%
2016-06-03,14.9,15.7,14.6,14.72,112.33K,-0.67%
2016-06-02,15.3,15.77,14.75,14.82,101.21K,-3.01%
2016-06-01,15.3,16.05,15.15,15.28,96.72K,0.00%
2016-05-31,15.4,16.0,15.1,15.28,107.72K,-0.65%
2016-05-30,15.35,15.43,15.18,15.38,-,0.39%
2016-05-29,15.4,15.43,15.28,15.32,-,-0.39%
2016-05-27,15.85,15.97,15.35,15.38,81.27K,-2.78%
2016-05-26,16.2,16.43,15.75,15.82,78.01K,-2.22%
2016-05-25,16.5,16.61,15.9,16.18,106.45K,-1.82%
2016-05-24,17.55,17.69,16.35,16.48,116.80K,-6.20%
2016-05-23,17.35,17.65,17.1,17.57,85.09K,1.44%
2016-05-20,18.0,18.05,17.25,17.32,113.79K,-3.67%
2016-05-19,18.1,19.1,17.95,17.98,131.14K,-0.50%
2016-05-18,17.95,18.45,17.4,18.07,140.39K,17.11%
2016-05-17,15.15,16.21,14.75,15.43,98.02K,2.05%
2016-05-16,15.9,16.25,14.8,15.12,100.13K,-4.79%
2016-05-13,15.25,16.27,15.0,15.88,110.56K,4.34%
2016-05-12,15.6,16.04,14.95,15.22,116.89K,-2.56%
2016-05-11,14.55,15.7,14.55,15.62,98.56K,7.50%
2016-05-10,15.5,15.74,14.5,14.53,101.95K,-6.08%
2016-05-09,15.65,15.92,15.12,15.47,88.30K,-1.59%
2016-05-06,16.75,17.27,15.7,15.72,101.09K,-6.04%
2016-05-05,16.9,17.25,16.3,16.73,74.27K,-0.89%
2016-05-04,16.6,17.6,16.55,16.88,95.81K,1.56%
2016-05-03,15.85,17.2,15.65,16.62,114.14K,5.32%
2016-05-02,16.85,17.25,15.6,15.78,114.70K,-6.52%
2016-04-29,16.45,18.04,16.32,16.88,176.28K,2.43%
2016-04-28,15.5,16.71,15.2,16.48,121.81K,6.53%
2016-04-27,15.93,16.45,15.35,15.47,102.32K,-2.89%
2016-04-26,16.25,16.4,15.85,15.93,84.90K,-1.85%
2016-04-25,16.1,16.85,16.05,16.23,73.00K,0.31%
2016-04-22,16.8,16.95,16.15,16.18,96.50K,-3.52%
2016-04-21,16.45,16.97,16.2,16.77,94.87K,2.07%
2016-04-20,16.25,16.65,15.9,16.43,101.22K,24.00%
2016-04-19,13.85,14.22,13.2,13.25,84.18K,-4.12%
2016-04-18,15.3,15.62,13.75,13.82,88.64K,-6.11%
2016-04-15,14.65,15.25,14.6,14.72,85.38K,0.27%
2016-04-14,14.83,15.2,14.6,14.68,73.66K,-0.94%
2016-04-13,15.95,16.08,14.8,14.82,78.69K,-6.97%
2016-04-12,17.1,17.35,15.85,15.93,95.85K,-6.68%
2016-04-11,16.73,17.2,16.05,17.07,76.28K,2.34%
2016-04-08,17.25,17.4,16.2,16.68,82.76K,-3.42%
2016-04-07,15.65,17.85,15.54,17.27,108.13K,10.56%
2016-04-06,16.8,17.03,15.55,15.62,88.32K,-6.86%
2016-04-05,15.93,17.07,15.9,16.77,99.43K,5.27%
2016-04-04,15.4,16.05,15.15,15.93,66.24K,3.24%
2016-04-01,15.9,16.7,15.35,15.43,103.23K,-3.14%
2016-03-31,15.9,16.3,15.6,15.93,70.04K,0.50%
2016-03-30,16.15,16.3,15.55,15.85,99.91K,-1.37%
2016-03-29,17.2,17.55,16.05,16.07,103.00K,-6.13%
2016-03-28,17.3,17.7,17.0,17.12,63.28K,-1.50%
2016-03-24,17.7,18.55,17.35,17.38,88.76K,-1.97%
2016-03-23,16.85,17.82,16.75,17.73,87.45K,5.41%
2016-03-22,17.0,17.52,16.7,16.82,86.12K,-0.94%
2016-03-21,17.7,17.9,16.95,16.98,91.03K,-4.23%
2016-03-18,17.8,18.05,17.3,17.73,102.15K,-0.23%
2016-03-17,18.25,18.8,17.55,17.77,119.13K,-2.74%
2016-03-16,19.05,19.53,18.15,18.27,128.30K,8.11%
2016-03-15,17.45,18.05,16.8,16.9,60.44K,-3.04%
2016-03-14,17.65,18.07,17.25,17.43,59.54K,-1.08%
2016-03-11,18.93,19.02,17.53,17.62,-,-7.02%
2016-03-10,19.05,20.22,18.1,18.95,113.99K,-0.63%
2016-03-09,19.37,19.85,19.0,19.07,81.33K,-2.80%
2016-03-08,19.37,19.75,19.35,19.62,56.20K,5.65%
2016-03-07,18.8,19.32,18.2,18.57,-,-1.90%
2016-03-04,18.35,18.95,17.75,18.93,84.01K,3.33%
2016-03-03,19.25,19.52,18.25,18.32,93.96K,-4.93%
2016-03-02,19.45,20.12,19.1,19.27,72.87K,-0.82%
2016-03-01,21.8,22.25,19.4,19.43,91.21K,-10.75%
2016-02-29,21.4,22.2,20.65,21.77,67.84K,1.35%
2016-02-26,20.85,21.65,20.2,21.48,87.00K,3.17%
2016-02-25,21.8,22.2,20.75,20.82,73.50K,-4.36%
2016-02-24,22.15,23.48,21.65,21.77,97.98K,-1.85%
2016-02-23,21.05,22.25,20.95,22.18,89.54K,5.52%
2016-02-22,22.4,22.48,20.85,21.02,82.09K,-6.08%
2016-02-19,22.8,23.5,22.15,22.38,89.28K,-1.71%
2016-02-18,22.85,23.25,22.45,22.77,88.14K,-0.70%
2016-02-17,23.9,24.29,22.75,22.93,84.72K,-7.28%
2016-02-16,26.6,26.6,24.3,24.73,73.56K,2.72%
2016-02-15,24.63,24.67,23.67,24.08,-,-2.03%
2016-02-14,24.88,24.9,24.52,24.58,-,-8.58%
2016-02-12,28.05,28.55,26.49,26.88,79.35K,-4.41%
2016-02-11,26.25,29.45,26.25,28.12,159.88K,7.04%
2016-02-10,26.1,26.55,24.68,26.27,81.76K,0.57%
2016-02-09,25.4,27.08,25.3,26.12,108.57K,2.71%
2016-02-08,24.1,26.8,23.8,25.43,111.09K,5.43%
2016-02-05,23.01,24.65,22.68,24.12,106.90K,4.55%
2016-02-04,22.75,23.58,22.3,23.07,75.20K,1.32%
2016-02-03,23.15,24.75,22.6,22.77,123.80K,-1.77%
2016-02-02,21.55,23.42,21.53,23.18,100.72K,7.71%
2016-02-01,21.8,22.45,21.28,21.52,72.73K,-0.46%
2016-01-29,23.25,23.45,21.5,21.62,91.11K,-7.09%
2016-01-28,23.7,24.08,22.65,23.27,86.04K,-2.10%
2016-01-27,22.9,24.15,22.25,23.77,101.66K,3.66%
2016-01-26,24.0,24.85,22.7,22.93,77.40K,-4.54%
2016-01-25,22.55,24.08,22.24,24.02,83.70K,5.68%
2016-01-22,25.05,25.2,22.6,22.73,110.81K,-9.33%
2016-01-21,24.8,26.0,24.0,25.07,144.67K,1.37%
2016-01-20,24.1,27.15,23.95,24.73,220.71K,-4.33%
2016-01-19,26.7,27.45,23.94,25.85,111.75K,6.93%
2016-01-18,24.7,24.77,23.65,24.17,-,-2.22%
2016-01-17,24.35,25.08,24.35,24.73,-,-6.63%
2016-01-15,23.55,28.45,23.3,26.48,174.50K,12.35%
2016-01-14,24.65,25.75,22.67,23.57,146.59K,-4.69%
2016-01-13,22.05,25.38,20.8,24.73,133.38K,12.05%
2016-01-12,23.45,24.47,21.65,22.07,117.03K,-6.01%
2016-01-11,25.34,26.45,23.09,23.48,167.65K,-7.08%
2016-01-08,23.5,25.35,21.33,25.27,143.97K,7.44%
2016-01-07,20.35,23.65,20.08,23.52,192.39K,15.75%
2016-01-06,19.4,21.51,19.35,20.32,118.54K,4.58%
2016-01-05,19.85,20.66,19.25,19.43,97.21K,-1.97%
2016-01-04,18.5,21.27,18.25,19.82,142.38K,7.02%
2015-12-31,18.35,18.73,18.05,18.52,51.41K,0.93%
2015-12-30,17.5,18.4,17.4,18.35,49.38K,4.98%
2015-12-29,17.85,18.0,17.45,17.48,61.33K,-1.91%
2015-12-28,18.15,18.88,17.8,17.82,65.02K,-2.25%
2015-12-24,17.85,18.25,17.8,18.23,25.66K,1.96%
2015-12-23,17.85,18.2,17.3,17.88,85.38K,0.34%
2015-12-22,18.85,19.2,17.75,17.82,87.96K,-5.31%
2015-12-21,20.4,20.4,18.8,18.82,87.44K,-7.88%
2015-12-18,19.2,20.5,18.95,20.43,141.28K,6.02%
2015-12-17,18.1,19.3,17.65,19.27,117.61K,6.35%
2015-12-16,18.9,19.0,17.55,18.12,135.46K,-12.12%
2015-12-15,22.45,22.6,20.25,20.62,72.03K,-8.07%
2015-12-14,23.85,25.4,21.8,22.43,143.72K,-5.16%
2015-12-11,19.35,24.28,18.95,23.65,192.60K,22.41%
2015-12-10,18.95,19.45,18.3,19.32,96.87K,1.79%
2015-12-09,17.8,19.4,17.06,18.98,145.31K,6.81%
2015-12-08,16.5,18.2,16.5,17.77,104.23K,7.57%
2015-12-07,16.2,17.6,16.03,16.52,99.06K,1.79%
2015-12-04,18.3,18.35,16.2,16.23,133.04K,-11.41%
2015-12-03,16.8,19.1,16.18,18.32,164.29K,9.24%
2015-12-02,16.2,17.15,16.0,16.77,104.87K,4.03%
2015-12-01,17.0,17.03,16.08,16.12,79.37K,-5.06%
2015-11-30,17.15,17.45,16.85,16.98,68.87K,-1.16%
2015-11-27,16.8,17.2,16.51,17.18,45.65K,3.34%
2015-11-26,16.85,16.92,16.52,16.63,-,-0.86%
2015-11-25,17.4,17.62,16.75,16.77,60.19K,-3.79%
2015-11-24,17.05,18.0,17.0,17.43,84.10K,2.41%
2015-11-23,17.45,17.8,16.95,17.02,66.42K,-2.35%
2015-11-20,18.2,18.3,17.35,17.43,75.91K,-4.13%
2015-11-19,17.75,18.5,17.4,18.18,87.44K,2.31%
2015-11-18,18.5,18.8,17.55,17.77,104.44K,-6.38%
2015-11-17,18.15,19.8,17.54,18.98,66.84K,5.04%
2015-11-16,21.25,21.7,18.0,18.07,96.47K,-11.07%
2015-11-13,18.55,20.6,18.23,20.32,119.77K,9.42%
2015-11-12,16.75,18.65,16.35,18.57,102.11K,10.73%
2015-11-11,16.2,16.8,15.93,16.77,59.32K,3.33%
2015-11-10,17.0,17.27,16.05,16.23,69.67K,-4.64%
2015-11-09,15.8,17.3,15.65,17.02,100.16K,8.55%
2015-11-06,16.05,16.68,15.65,15.68,91.51K,-2.12%
2015-11-05,16.7,16.93,16.0,16.02,78.35K,-4.24%
2015-11-04,16.1,16.8,15.75,16.73,85.27K,3.78%
2015-11-03,15.9,16.15,15.53,16.12,67.97K,1.51%
2015-11-02,16.66,17.1,15.45,15.88,73.17K,-4.45%
2015-10-30,16.15,16.8,15.95,16.62,70.22K,2.72%
2015-10-29,16.0,16.63,15.95,16.18,71.18K,1.31%
2015-10-28,16.5,17.06,15.85,15.97,97.52K,-3.09%
2015-10-27,16.9,17.25,16.3,16.48,76.33K,-2.66%
2015-10-26,16.55,17.2,16.35,16.93,75.70K,1.99%
2015-10-23,16.15,16.7,15.53,16.6,112.86K,3.62%
2015-10-22,18.15,18.15,15.9,16.02,156.40K,-12.12%
2015-10-21,17.0,18.3,16.25,18.23,129.27K,13.44%
2015-10-20,15.25,16.15,15.15,16.07,50.54K,5.17%
2015-10-19,16.15,16.6,15.23,15.28,62.47K,-5.09%
2015-10-16,16.6,17.07,16.05,16.1,64.37K,-2.84%
2015-10-15,18.25,18.3,16.55,16.57,67.79K,-9.55%
2015-10-14,18.3,18.95,17.7,18.32,72.51K,0.27%
2015-10-13,16.7,18.3,16.6,18.27,85.11K,9.21%
2015-10-12,18.2,18.45,16.7,16.73,67.85K,-7.98%
2015-10-09,18.4,19.03,18.05,18.18,69.23K,-1.36%
2015-10-08,19.5,20.15,18.1,18.43,81.17K,-5.39%
2015-10-07,20.4,20.6,19.35,19.48,73.73K,-4.13%
2015-10-06,19.88,20.52,19.5,20.32,67.45K,2.21%
2015-10-05,21.15,21.46,19.7,19.88,80.27K,-5.65%
2015-10-02,22.2,23.74,21.0,21.07,109.16K,-5.22%
2015-10-01,22.95,23.67,21.9,22.23,98.74K,-3.43%
2015-09-30,23.88,24.01,22.5,23.02,87.42K,-3.60%
2015-09-29,24.1,24.7,23.0,23.88,109.34K,-0.79%
2015-09-28,22.4,24.69,21.8,24.07,139.87K,7.84%
2015-09-25,21.85,22.85,20.44,22.32,115.76K,2.01%
2015-09-24,21.1,23.35,20.9,21.88,149.12K,3.60%
2015-09-23,21.75,22.9,20.85,21.12,91.85K,-2.99%
2015-09-22,19.75,22.73,19.6,21.77,179.91K,10.62%
2015-09-21,21.5,22.06,19.65,19.68,114.55K,-8.55%
2015-09-18,20.4,22.15,19.8,21.52,162.56K,5.34%
2015-09-17,19.05,20.55,17.65,20.43,198.67K,7.64%
2015-09-16,20.45,20.62,18.9,18.98,134.06K,-15.91%
2015-09-15,23.75,24.2,22.2,22.57,83.40K,-4.89%
2015-09-14,23.75,24.46,23.05,23.73,75.19K,-0.29%
2015-09-11,24.65,25.45,23.7,23.8,73.23K,-3.64%
2015-09-10,25.75,27.35,24.2,24.7,129.98K,-4.34%
2015-09-09,24.65,26.05,23.0,25.82,97.46K,4.87%
2015-09-08,27.95,28.05,24.45,24.62,75.98K,-7.70%
2015-09-07,27.75,28.08,26.38,26.67,-,-3.79%
2015-09-06,27.98,28.0,27.48,27.73,-,-1.05%
2015-09-04,25.6,28.8,25.4,28.02,124.75K,9.37%
2015-09-03,26.0,26.58,23.52,25.62,153.00K,-1.39%
2015-09-02,29.65,30.1,25.85,25.98,146.49K,-12.61%
2015-09-01,26.4,30.83,26.35,29.73,199.87K,12.49%
2015-08-31,24.6,26.45,24.6,26.43,106.85K,8.19%
2015-08-28,24.05,26.32,23.6,24.43,174.80K,1.03%
2015-08-27,23.6,25.45,22.1,24.18,210.02K,1.90%
2015-08-26,25.2,26.45,22.85,23.73,259.01K,-6.28%
2015-08-25,24.8,25.75,20.69,25.32,298.96K,0.80%
2015-08-24,20.0,27.5,20.0,25.12,405.87K,26.23%
2015-08-21,17.25,19.91,17.0,19.9,360.79K,14.90%
2015-08-20,15.7,17.35,15.5,17.32,193.20K,10.18%
2015-08-19,15.2,15.9,15.03,15.72,163.12K,10.08%
2015-08-18,13.85,14.42,13.7,14.28,71.02K,3.33%
2015-08-17,14.25,14.74,13.75,13.82,82.80K,-3.22%
2015-08-14,14.2,14.67,14.04,14.28,100.26K,0.71%
2015-08-13,14.35,14.78,13.9,14.18,100.01K,-0.98%
2015-08-12,14.45,16.05,14.27,14.32,171.00K,-1.04%
2015-08-11,13.6,14.85,13.55,14.47,109.42K,6.63%
2015-08-10,14.35,14.35,13.5,13.57,67.57K,-4.97%
2015-08-07,14.55,14.93,13.89,14.28,107.96K,-1.31%
2015-08-06,13.95,14.84,13.78,14.47,100.35K,3.88%
2015-08-05,14.1,14.2,13.55,13.93,81.75K,-1.35%
2015-08-04,13.9,14.35,13.8,14.12,81.22K,1.73%
2015-08-03,14.05,14.51,13.8,13.88,95.89K,-0.64%
2015-07-31,13.95,14.26,13.8,13.97,80.82K,0.29%
2015-07-30,14.08,14.6,13.94,13.93,91.81K,-1.00%
2015-07-29,14.36,14.51,14.05,14.07,109.40K,-2.16%
2015-07-28,15.75,15.8,14.33,14.38,129.47K,-8.87%
2015-07-27,14.85,16.15,14.8,15.78,127.50K,5.91%
2015-07-24,14.25,15.15,14.1,14.9,127.08K,4.34%
2015-07-23,14.18,14.65,14.0,14.28,128.20K,0.71%
2015-07-22,14.25,14.85,14.1,14.18,99.26K,14.54%
2015-07-21,12.55,13.1,12.35,12.38,67.23K,-1.20%
2015-07-20,12.95,12.97,12.33,12.53,59.86K,-3.09%
2015-07-17,12.95,13.2,12.73,12.93,60.56K,0.00%
2015-07-16,13.95,14.09,12.9,12.93,84.37K,-7.44%
2015-07-15,14.1,14.6,13.9,13.97,92.41K,-0.71%
2015-07-14,14.5,14.65,13.9,14.07,81.99K,-2.76%
2015-07-13,17.6,17.6,14.45,14.47,102.61K,-13.71%
2015-07-10,18.75,18.98,16.5,16.77,115.82K,-10.89%
2015-07-09,18.4,18.85,17.14,18.82,113.93K,2.12%
2015-07-08,16.35,18.45,16.3,18.43,145.19K,12.93%
2015-07-07,17.2,18.6,16.2,16.32,162.74K,-5.28%
2015-07-06,19.0,19.55,17.03,17.23,124.22K,1.80%
2015-07-03,16.92,16.92,16.92,16.92,-,-0.03%
2015-07-02,15.9,17.45,15.72,16.93,123.37K,6.28%
2015-07-01,17.3,17.35,15.75,15.93,130.10K,-8.03%
2015-06-30,17.35,18.16,16.25,17.32,203.94K,-0.35%
2015-06-29,14.9,17.58,14.85,17.38,217.45K,19.61%
2015-06-26,14.6,14.9,14.4,14.53,73.89K,-0.62%
2015-06-25,14.55,14.7,14.14,14.62,78.25K,0.34%
2015-06-24,14.15,14.6,14.03,14.57,81.30K,3.55%
2015-06-23,14.55,14.6,14.05,14.07,78.51K,-3.17%
2015-06-22,15.3,15.3,14.5,14.53,80.19K,-5.83%
2015-06-19,15.05,15.45,14.9,15.43,74.85K,3.07%
2015-06-18,15.65,15.85,14.9,14.97,109.85K,-4.16%
2015-06-17,15.65,15.95,15.35,15.62,101.96K,4.62%
2015-06-16,15.5,15.99,14.9,14.93,74.53K,-3.49%
2015-06-15,14.4,15.65,14.4,15.47,134.56K,8.94%
2015-06-12,13.5,14.4,13.5,14.2,122.54K,4.95%
2015-06-11,13.85,13.95,13.4,13.53,93.04K,-2.52%
2015-06-10,14.85,14.85,13.85,13.88,95.45K,-6.34%
2015-06-09,15.25,15.56,14.8,14.82,80.69K,-2.63%
2015-06-08,14.75,15.35,14.68,15.22,77.87K,3.40%
2015-06-05,14.95,15.31,14.68,14.72,102.49K,-1.67%
2015-06-04,14.39,15.25,14.35,14.97,127.35K,4.10%
2015-06-03,14.85,14.86,14.35,14.38,83.03K,-3.36%
2015-06-02,14.6,14.98,14.5,14.88,91.45K,2.13%
2015-06-01,14.6,14.82,14.35,14.57,69.30K,-0.34%
2015-05-29,14.5,15.0,14.45,14.62,101.81K,1.04%
2015-05-28,14.5,14.85,14.45,14.47,74.89K,-0.41%
2015-05-27,14.95,15.0,14.3,14.53,76.64K,-2.68%
2015-05-26,14.5,15.2,14.35,14.93,113.78K,3.14%
2015-05-25,14.45,14.63,14.38,14.48,-,0.35%
2015-05-24,14.48,14.48,14.43,14.43,-,-0.03%
2015-05-22,14.38,14.56,14.25,14.43,66.31K,0.77%
2015-05-21,14.9,15.0,14.3,14.32,88.48K,-3.76%
2015-05-20,14.85,15.05,14.69,14.88,76.31K,13.41%
2015-05-19,13.25,13.33,12.85,13.12,77.63K,-1.20%
2015-05-18,13.7,13.9,13.15,13.28,74.47K,-2.92%
2015-05-15,13.7,14.05,13.5,13.68,99.30K,-0.29%
2015-05-14,14.35,14.45,13.7,13.72,58.97K,-4.19%
2015-05-13,14.65,14.77,14.23,14.32,84.61K,-2.05%
2015-05-12,14.9,15.53,14.5,14.62,79.45K,-2.08%
2015-05-11,14.4,14.95,14.25,14.93,65.30K,3.82%
2015-05-08,15.45,15.5,14.2,14.38,93.74K,-6.80%
2015-05-07,15.65,16.2,15.35,15.43,93.08K,-1.59%
2015-05-06,15.22,16.28,14.9,15.68,101.51K,3.02%
2015-05-05,14.5,15.27,14.45,15.22,91.59K,5.18%
2015-05-04,14.5,14.8,14.25,14.47,55.96K,0.00%
2015-05-01,15.55,15.55,14.45,14.47,74.81K,-6.83%
2015-04-30,15.1,15.85,14.95,15.53,86.48K,3.05%
2015-04-29,14.55,15.3,14.5,15.07,92.91K,4.15%
2015-04-28,15.1,15.75,14.45,14.47,79.90K,-4.30%
2015-04-27,14.6,15.25,14.4,15.12,61.63K,3.42%
2015-04-24,14.75,14.85,14.55,14.62,47.20K,-0.68%
2015-04-23,14.95,15.25,14.6,14.72,54.85K,-1.41%
2015-04-22,15.1,15.47,14.85,14.93,61.45K,-1.26%
2015-04-21,15.2,15.35,14.85,15.12,63.01K,-0.40%
2015-04-20,15.6,15.75,15.0,15.18,75.28K,-3.19%
2015-04-17,15.15,16.24,15.1,15.68,118.90K,3.70%
2015-04-16,15.3,15.74,15.0,15.12,63.11K,-1.31%
2015-04-15,15.65,15.8,15.25,15.32,72.47K,12.90%
2015-04-14,14.25,14.63,13.55,13.57,86.20K,-5.24%
2015-04-13,13.4,14.5,13.15,14.32,110.50K,6.63%
2015-04-10,14.1,14.15,13.59,13.43,81.27K,-4.55%
2015-04-09,14.8,15.15,14.05,14.07,74.81K,-5.06%
2015-04-08,15.3,15.43,14.8,14.82,73.08K,-3.01%
2015-04-07,15.3,15.4,15.0,15.28,57.25K,0.00%
2015-04-06,16.2,16.25,15.15,15.28,56.62K,-6.11%
2015-04-03,15.73,16.27,15.57,16.27,-,4.19%
2015-04-02,16.05,16.31,15.6,15.62,57.55K,-2.50%
2015-04-01,16.3,16.99,16.0,16.02,79.84K,-1.54%
2015-03-31,15.8,16.35,15.73,16.27,59.54K,3.11%
2015-03-30,16.25,16.4,15.6,15.78,60.61K,-2.77%
2015-03-27,16.5,16.8,16.2,16.23,62.07K,-1.52%
2015-03-26,16.6,17.45,16.45,16.48,106.71K,-0.54%
2015-03-25,15.85,16.73,15.7,16.57,99.34K,4.35%
2015-03-24,16.05,16.1,15.55,15.88,87.80K,-1.18%
2015-03-23,16.15,16.37,15.75,16.07,59.74K,-0.68%
2015-03-20,16.55,16.7,15.45,16.18,110.36K,-2.06%
2015-03-19,16.55,17.05,16.45,16.52,75.04K,0.00%
2015-03-18,17.35,17.65,16.4,16.52,111.75K,5.76%
2015-03-17,16.05,16.4,15.6,15.62,55.61K,-3.10%
2015-03-16,16.4,16.62,15.65,16.12,62.55K,-1.89%
2015-03-13,15.9,17.17,15.68,16.43,70.14K,3.46%
2015-03-12,17.22,17.23,15.8,15.88,63.25K,-7.84%
2015-03-11,16.9,17.45,16.48,17.23,70.64K,1.77%
2015-03-10,15.85,17.05,15.81,16.93,83.47K,7.02%
2015-03-09,16.2,16.35,15.7,15.82,58.17K,-2.53%
2015-03-06,15.35,16.5,15.3,16.23,-,5.94%
2015-03-05,15.72,15.9,15.3,15.32,59.85K,-2.54%
2015-03-04,15.8,16.53,15.65,15.72,72.86K,-0.38%
2015-03-03,15.3,16.37,15.3,15.78,70.78K,3.00%
2015-03-02,15.9,16.0,15.3,15.32,56.02K,-3.16%
2015-02-27,16.0,16.27,15.7,15.82,63.47K,-1.25%
2015-02-26,16.4,16.65,15.9,16.02,68.51K,-2.50%
2015-02-25,16.1,16.6,15.55,16.43,102.41K,1.92%
2015-02-24,17.03,17.09,16.1,16.12,89.91K,-5.29%
2015-02-23,16.95,17.3,16.9,17.02,43.88K,0.53%
2015-02-20,17.64,18.1,16.8,16.93,95.71K,-3.92%
2015-02-19,17.9,18.25,17.55,17.62,56.15K,8.77%
2015-02-18,16.15,16.25,15.85,16.2,1.27K,0.00%
2015-02-17,16.5,17.15,16.01,16.2,54.84K,-12.08%
2015-02-16,18.25,18.42,18.08,18.42,-,1.10%
2015-02-15,18.17,18.23,18.13,18.23,-,10.45%
2015-02-13,16.9,17.05,16.3,16.5,61.79K,-2.25%
2015-02-12,18.45,18.77,16.7,16.88,82.41K,-8.41%
2015-02-11,18.6,19.12,18.35,18.43,70.73K,-0.75%
2015-02-10,19.6,19.75,18.37,18.57,56.96K,-5.35%
2015-02-09,19.3,20.17,19.3,19.62,56.15K,2.29%
2015-02-06,18.65,20.05,17.95,19.18,104.56K,2.68%
2015-02-05,19.8,20.15,18.35,18.68,70.24K,-5.51%
2015-02-04,18.85,19.8,18.45,19.77,86.86K,4.71%
2015-02-03,19.9,20.5,18.75,18.88,85.46K,-5.51%
2015-02-02,21.0,21.88,19.8,19.98,104.29K,-4.95%
2015-01-30,19.1,21.7,18.98,21.02,115.75K,10.23%
2015-01-29,20.3,20.85,19.05,19.07,122.75K,-6.88%
2015-01-28,17.85,20.5,17.48,20.48,137.86K,14.54%
2015-01-27,17.3,18.75,17.16,17.88,100.47K,3.77%
2015-01-26,18.6,19.2,17.2,17.23,75.27K,-6.26%
2015-01-23,17.9,18.5,17.6,18.38,87.56K,2.80%
2015-01-22,18.9,19.35,17.78,17.88,116.04K,-5.30%
2015-01-21,20.1,20.65,18.85,18.88,111.25K,-6.44%
2015-01-20,20.7,21.14,19.5,20.18,72.60K,-0.47%
2015-01-19,20.27,20.58,19.8,20.27,-,0.12%
2015-01-18,20.15,20.58,20.15,20.25,-,-1.79%
2015-01-16,21.45,22.35,20.5,20.62,79.54K,-4.00%
2015-01-15,20.6,21.75,19.79,21.48,109.75K,4.42%
2015-01-14,20.15,21.93,19.97,20.57,128.65K,1.93%
2015-01-13,19.5,20.83,18.4,20.18,106.78K,3.12%
2015-01-12,18.5,20.0,17.98,19.57,90.74K,5.10%
2015-01-09,17.7,18.7,17.25,18.62,102.15K,5.32%
2015-01-08,18.9,18.9,17.5,17.68,86.50K,-6.21%
2015-01-07,19.8,19.8,18.64,18.85,96.86K,-5.18%
2015-01-06,19.05,20.55,18.7,19.88,137.21K,3.97%
2015-01-05,17.85,19.55,17.55,19.12,114.05K,7.30%
2015-01-02,17.85,18.9,17.07,17.82,111.32K,1.54%
2015-01-01,17.92,17.92,17.45,17.55,-,-2.61%
2014-12-31,16.45,18.42,16.25,18.02,71.57K,9.68%
2014-12-30,16.05,16.65,15.95,16.43,51.40K,2.24%
2014-12-29,15.8,16.45,15.8,16.07,49.52K,1.58%
2014-12-26,16.2,16.25,15.8,15.82,36.73K,-1.43%
2014-12-25,16.23,16.23,16.0,16.05,-,-1.11%
2014-12-24,15.95,16.25,15.8,16.23,33.76K,1.88%
2014-12-23,16.35,16.5,15.9,15.93,64.15K,-3.04%
2014-12-22,16.55,16.7,16.0,16.43,73.32K,-0.73%
2014-12-19,17.15,17.29,16.35,16.55,120.85K,-3.78%
2014-12-18,17.65,17.7,16.59,17.2,144.36K,-2.55%
2014-12-17,20.1,20.2,17.55,17.65,198.38K,-23.59%
2014-12-16,19.5,23.4,18.44,23.1,92.71K,17.86%
2014-12-15,19.5,20.55,17.85,19.6,120.03K,0.00%
2014-12-12,19.0,20.1,18.05,19.6,148.14K,2.62%
2014-12-11,17.3,19.15,15.6,19.1,151.47K,9.77%
2014-12-10,14.9,17.45,14.75,17.4,160.15K,16.78%
2014-12-09,14.65,15.85,14.45,14.9,115.11K,1.36%
2014-12-08,13.6,14.7,13.5,14.7,80.96K,8.09%
2014-12-05,13.95,14.0,13.4,13.6,65.72K,-2.51%
2014-12-04,14.24,14.6,13.85,13.95,68.60K,-2.11%
2014-12-03,14.25,14.4,14.03,14.25,48.68K,0.00%
2014-12-02,15.55,15.62,14.2,14.25,76.48K,-8.65%
2014-12-01,14.85,15.6,14.8,15.6,76.25K,5.05%
2014-11-28,14.17,14.9,14.1,14.85,60.23K,3.85%
2014-11-27,14.2,14.32,14.13,14.3,-,0.70%
2014-11-26,14.4,14.6,14.15,14.2,45.02K,-1.73%
2014-11-25,14.55,14.72,14.4,14.45,52.37K,-0.69%
2014-11-24,14.95,14.96,14.5,14.55,47.23K,-2.68%
2014-11-21,15.15,15.25,14.7,14.95,60.38K,-1.32%
2014-11-20,15.45,15.85,15.1,15.15,52.14K,-2.26%
2014-11-19,15.25,15.6,15.15,15.5,62.77K,10.71%
2014-11-18,14.34,14.4,13.63,14.0,54.73K,-2.44%
2014-11-17,14.35,14.9,14.15,14.35,55.27K,0.00%
2014-11-14,14.65,14.75,14.3,14.35,48.38K,-2.38%
2014-11-13,14.35,14.95,13.95,14.7,63.60K,2.08%
2014-11-12,14.09,14.55,14.03,14.4,45.61K,2.13%
2014-11-11,14.0,14.4,13.8,14.1,44.71K,0.71%
2014-11-10,14.85,14.95,13.8,14.0,67.30K,-5.41%
2014-11-07,14.86,15.22,14.7,14.8,55.18K,-0.67%
2014-11-06,15.3,15.7,14.85,14.9,64.01K,-2.61%
2014-11-05,15.83,15.85,15.2,15.3,52.13K,-3.47%
2014-11-04,15.95,16.5,15.7,15.85,59.90K,-0.63%
2014-11-03,15.7,16.15,15.5,15.95,51.61K,0.95%
2014-10-31,16.1,16.15,15.2,15.8,74.84K,-2.17%
2014-10-30,16.3,16.9,15.75,16.15,85.31K,-0.92%
2014-10-29,15.7,16.62,15.67,16.3,117.33K,3.82%
2014-10-28,16.95,16.95,15.65,15.7,96.79K,-7.37%
2014-10-27,16.95,17.83,16.7,16.95,87.84K,0.00%
2014-10-24,17.3,18.4,16.9,16.95,110.00K,-2.02%
2014-10-23,18.1,18.2,16.9,17.3,150.27K,-4.42%
2014-10-22,17.0,18.6,16.75,18.1,153.69K,10.70%
2014-10-21,18.45,19.2,16.25,16.35,58.28K,-11.62%
2014-10-20,20.5,21.47,18.2,18.5,71.29K,-11.90%
2014-10-17,22.25,22.35,19.25,21.0,106.81K,-5.83%
2014-10-16,23.7,26.35,21.4,22.3,186.38K,-6.89%
2014-10-15,20.9,25.32,20.5,23.95,323.79K,14.59%
2014-10-14,22.65,23.0,19.6,20.9,215.59K,-8.13%
2014-10-13,19.75,22.85,18.75,22.75,202.59K,14.90%
2014-10-10,17.15,20.0,16.69,19.8,208.42K,15.12%
2014-10-09,15.2,17.25,15.08,17.2,171.48K,12.79%
2014-10-08,17.05,17.34,15.15,15.25,114.92K,-10.82%
2014-10-07,15.7,17.1,15.65,17.1,105.85K,8.57%
2014-10-06,15.2,15.75,14.68,15.75,72.94K,3.62%
2014-10-03,16.5,16.65,15.05,15.2,100.65K,-8.16%
2014-10-02,16.85,17.3,16.1,16.55,114.39K,-2.07%
2014-10-01,16.25,17.15,16.14,16.9,114.51K,3.68%
2014-09-30,16.25,16.43,15.75,16.3,93.67K,0.31%
2014-09-29,15.3,16.35,15.3,16.25,106.93K,5.86%
2014-09-26,15.75,15.85,15.0,15.35,99.77K,-2.85%
2014-09-25,14.6,16.08,14.6,15.8,177.07K,7.85%
2014-09-24,15.35,15.5,14.55,14.65,81.48K,-4.87%
2014-09-23,14.85,15.4,14.7,15.4,109.32K,3.36%
2014-09-22,14.15,14.9,14.1,14.9,96.53K,5.30%
2014-09-19,14.05,14.3,13.79,14.15,80.23K,0.71%
2014-09-18,14.25,14.3,14.0,14.05,50.24K,-1.40%
2014-09-17,14.35,14.5,13.95,14.25,101.69K,9.20%
2014-09-16,14.4,14.55,13.0,13.05,72.80K,-9.37%
2014-09-15,14.15,14.47,13.95,14.4,64.22K,2.49%
2014-09-12,13.5,14.38,13.4,14.05,100.67K,3.69%
2014-09-11,13.7,14.05,13.5,13.55,67.61K,-1.09%
2014-09-10,13.85,14.25,13.65,13.7,66.22K,-1.08%
2014-09-09,13.35,14.0,13.25,13.85,66.84K,3.75%
2014-09-08,13.2,13.5,13.2,13.35,38.80K,1.14%
2014-09-05,13.5,13.8,13.15,13.2,57.72K,-2.58%
2014-09-04,13.5,13.76,13.2,13.55,65.85K,0.37%
2014-09-03,13.7,13.75,13.4,13.5,50.29K,-1.82%
2014-09-02,13.75,13.87,13.55,13.75,42.64K,0.18%
2014-09-01,13.73,13.75,13.73,13.73,-,-0.54%
2014-08-29,13.6,13.85,13.45,13.8,41.71K,1.47%
2014-08-28,13.54,14.25,13.5,13.6,45.33K,0.37%
2014-08-27,13.4,13.62,13.35,13.55,31.64K,0.74%
2014-08-26,13.3,13.5,13.25,13.45,47.89K,0.75%
2014-08-25,13.5,13.5,13.2,13.35,44.79K,-1.11%
2014-08-22,13.37,13.75,13.34,13.5,76.74K,0.75%
2014-08-21,13.5,13.7,13.35,13.4,51.85K,-0.74%
2014-08-20,13.45,13.75,13.4,13.5,74.37K,10.66%
2014-08-19,12.53,12.55,12.1,12.2,45.80K,-2.79%
2014-08-18,13.25,13.25,12.45,12.55,52.21K,-5.28%
2014-08-15,12.95,14.32,12.55,13.25,129.88K,2.32%
2014-08-14,13.5,13.72,12.9,12.95,66.72K,-4.43%
2014-08-13,14.65,14.65,13.5,13.55,72.06K,-7.51%
2014-08-12,14.75,14.95,14.43,14.65,69.42K,-1.01%
2014-08-11,15.9,15.97,14.35,14.8,81.97K,-7.50%
2014-08-08,16.6,18.16,15.65,16.0,106.73K,-3.90%
2014-08-07,16.15,16.9,15.5,16.65,142.87K,2.78%
2014-08-06,16.15,16.65,15.4,16.2,125.32K,0.31%
2014-08-05,14.9,16.4,14.75,16.15,164.46K,8.03%
2014-08-04,16.0,16.05,14.45,14.95,129.60K,-6.85%
2014-08-01,15.15,16.15,14.48,16.05,249.01K,5.59%
2014-07-31,13.55,15.2,13.5,15.2,174.22K,12.18%
2014-07-30,13.4,13.65,13.05,13.55,97.47K,0.74%
2014-07-29,13.35,13.5,13.0,13.45,68.86K,0.75%
2014-07-28,13.5,13.75,13.23,13.35,72.52K,-1.11%
2014-07-25,13.2,13.5,13.14,13.5,74.09K,2.27%
2014-07-24,13.05,13.24,12.85,13.2,56.22K,1.15%
2014-07-23,13.0,13.2,12.85,13.05,65.78K,0.38%
2014-07-22,13.35,13.4,12.8,13.0,68.53K,-2.99%
2014-07-21,13.0,13.6,12.95,13.4,88.40K,3.08%
2014-07-18,13.7,14.67,12.85,13.0,114.21K,-5.11%
2014-07-17,12.7,14.3,12.65,13.7,208.79K,7.87%
2014-07-16,13.0,13.0,12.55,12.7,87.59K,4.10%
2014-07-15,12.03,12.52,11.78,12.2,80.59K,1.24%
2014-07-14,12.4,12.45,11.8,12.05,57.51K,-4.74%
2014-07-11,12.95,13.0,12.55,12.65,-,-2.69%
2014-07-10,12.2,13.35,12.2,13.0,111.68K,6.12%
2014-07-09,12.35,12.4,12.05,12.25,84.04K,-1.21%
2014-07-08,12.15,12.75,12.1,12.4,95.24K,2.06%
2014-07-07,11.8,12.2,11.79,12.15,52.55K,2.97%
2014-07-03,11.91,12.0,11.65,11.8,-,-1.26%
2014-07-02,12.1,12.15,11.8,11.95,47.12K,-1.24%
2014-07-01,12.45,12.5,11.95,12.1,68.01K,-2.81%
2014-06-30,12.6,12.7,12.3,12.45,56.02K,-1.58%
2014-06-27,12.75,12.95,12.5,12.65,-,-0.78%
2014-06-26,12.65,13.1,12.45,12.75,75.44K,0.79%
2014-06-25,13.05,13.35,12.5,12.65,81.62K,-3.44%
2014-06-24,12.6,13.2,12.45,13.1,84.00K,3.97%
2014-06-23,12.8,12.97,12.5,12.6,65.58K,-2.33%
2014-06-20,12.8,12.95,12.55,12.9,-,0.78%
2014-06-19,12.65,12.8,12.45,12.8,65.75K,0.79%
2014-06-18,13.43,13.5,12.6,12.7,110.91K,2.83%
2014-06-17,13.05,13.05,12.25,12.35,76.43K,-5.36%
2014-06-16,13.0,13.32,12.8,13.05,63.98K,0.77%
2014-06-13,13.2,13.4,12.78,12.95,77.13K,-1.89%
2014-06-12,12.5,13.45,12.29,13.2,96.75K,5.60%
2014-06-11,12.05,12.65,12.03,12.5,64.87K,3.73%
2014-06-10,12.2,12.4,11.95,12.05,53.55K,-1.23%
2014-06-09,12.0,12.35,11.85,12.2,61.32K,1.67%
2014-06-06,12.65,12.7,11.95,12.0,91.42K,-5.14%
2014-06-05,13.2,13.3,12.55,12.65,92.52K,-4.17%
2014-06-04,13.3,13.45,13.1,13.2,50.80K,-0.75%
2014-06-03,13.2,13.4,13.15,13.3,48.62K,0.76%
2014-06-02,13.3,13.5,13.15,13.2,45.16K,-0.75%
2014-05-30,13.3,13.4,13.29,13.3,33.40K,0.00%
2014-05-29,13.4,13.45,13.25,13.3,51.04K,-1.12%
2014-05-28,13.45,13.7,13.35,13.45,69.42K,0.00%
2014-05-27,13.9,13.95,13.4,13.45,58.81K,-1.28%
2014-05-26,13.9,13.93,13.63,13.63,-,-1.98%
2014-05-23,14.05,14.06,13.85,13.9,29.34K,-1.07%
2014-05-22,14.1,14.15,13.9,14.05,50.04K,-0.35%
2014-05-21,14.4,14.45,13.95,14.1,69.82K,8.05%
2014-05-20,13.0,13.37,12.6,13.05,75.11K,0.38%
2014-05-19,13.25,13.55,12.95,13.0,50.42K,-1.89%
2014-05-16,13.7,13.95,13.2,13.25,67.70K,-3.28%
2014-05-15,13.2,14.18,13.15,13.7,109.72K,3.40%
2014-05-14,13.48,13.6,13.05,13.25,68.64K,-1.85%
2014-05-13,13.45,13.6,13.3,13.5,38.75K,0.00%
2014-05-12,14.0,14.05,13.4,13.5,58.56K,-3.91%
2014-05-09,14.44,14.75,14.0,14.05,59.35K,-2.77%
2014-05-08,14.38,14.63,14.1,14.45,64.31K,0.35%
2014-05-07,14.73,15.0,14.35,14.4,59.87K,-2.37%
2014-05-06,14.6,14.83,14.5,14.75,48.09K,1.03%
2014-05-05,14.9,15.2,14.55,14.6,50.77K,-2.01%
2014-05-02,14.85,15.05,14.5,14.9,58.21K,0.00%
2014-05-01,15.0,15.1,14.8,14.9,39.75K,-0.67%
2014-04-30,15.0,15.2,14.85,15.0,55.91K,0.00%
2014-04-29,15.2,15.28,14.95,15.0,54.19K,-1.32%
2014-04-28,15.6,15.85,15.15,15.2,66.70K,-2.56%
2014-04-25,15.5,16.0,15.45,15.6,74.12K,0.65%
2014-04-24,15.35,15.68,15.12,15.5,77.53K,0.65%
2014-04-23,15.22,15.45,15.2,15.4,50.50K,0.98%
2014-04-22,15.4,15.45,15.1,15.25,55.79K,-0.97%
2014-04-21,15.6,15.62,15.25,15.4,53.74K,-1.28%
2014-04-17,15.91,16.0,15.55,15.6,64.50K,-1.89%
2014-04-16,16.4,16.42,15.8,15.9,97.57K,1.92%
2014-04-15,16.2,17.27,15.6,15.6,109.18K,-3.70%
2014-04-14,17.0,17.27,15.95,16.2,87.73K,-3.86%
2014-04-11,15.85,17.3,15.49,16.85,125.69K,6.31%
2014-04-10,14.5,16.25,14.43,15.85,106.72K,9.31%
2014-04-09,15.15,15.2,14.45,14.5,55.04K,-4.29%
2014-04-08,15.48,15.85,15.05,15.15,70.27K,-2.26%
2014-04-07,14.95,15.78,14.9,15.5,80.13K,4.38%
2014-04-04,14.45,15.2,14.19,14.85,85.07K,2.77%
2014-04-03,14.59,14.75,14.4,14.45,41.04K,-1.03%
2014-04-02,14.5,14.75,14.4,14.6,43.99K,0.69%
2014-04-01,15.1,15.1,14.4,14.5,55.31K,-4.29%
2014-03-31,15.5,15.5,15.0,15.15,55.29K,-2.88%
2014-03-28,15.7,15.85,15.45,15.6,72.32K,-0.95%
2014-03-27,16.05,16.2,15.7,15.75,-,-1.87%
2014-03-26,15.69,16.2,15.5,16.05,-,2.23%
2014-03-25,15.9,16.02,15.6,15.7,69.48K,-1.57%
2014-03-24,15.9,16.4,15.64,15.95,74.56K,-0.31%
2014-03-21,15.75,16.0,15.5,16.0,84.34K,1.59%
2014-03-20,15.95,16.15,15.65,15.75,61.92K,-1.56%
2014-03-19,15.6,16.45,15.4,16.0,108.69K,2.56%
2014-03-18,16.14,16.38,15.5,15.6,94.68K,-3.41%
2014-03-17,17.7,17.7,15.95,16.15,64.59K,-8.76%
2014-03-14,16.6,18.0,16.45,17.7,115.95K,6.63%
2014-03-13,15.25,16.8,15.0,16.6,102.13K,8.50%
2014-03-12,15.45,16.0,15.24,15.3,56.36K,-1.61%
2014-03-11,15.3,15.55,14.84,15.55,67.31K,1.63%
2014-03-10,15.6,15.95,15.15,15.3,59.80K,-1.29%
2014-03-07,15.05,15.65,14.7,15.5,-,2.99%
2014-03-06,15.13,15.25,14.9,15.05,44.40K,-0.66%
2014-03-05,15.1,15.4,14.95,15.15,60.12K,0.33%
2014-03-04,16.55,16.55,15.0,15.1,81.12K,-9.04%
2014-03-03,15.9,17.03,15.9,16.6,115.00K,8.85%
2014-02-28,15.05,15.7,14.8,15.25,88.72K,0.99%
2014-02-27,15.25,15.56,15.05,15.1,66.70K,-1.31%
2014-02-26,14.9,15.42,14.7,15.3,76.93K,2.68%
2014-02-25,14.97,15.3,14.8,14.9,57.62K,-0.67%
2014-02-24,15.05,15.15,14.74,15.0,55.43K,-0.99%
2014-02-21,14.95,15.2,14.65,15.15,73.67K,1.34%
2014-02-20,15.4,15.7,14.9,14.95,78.16K,-2.92%
2014-02-19,14.45,15.65,14.35,15.4,127.04K,8.07%
2014-02-18,14.25,14.55,14.1,14.25,51.70K,-2.56%
2014-02-17,14.6,14.68,14.57,14.63,-,2.99%
2014-02-14,14.6,14.65,14.2,14.2,46.33K,-2.74%
2014-02-13,14.6,15.2,14.5,14.6,66.30K,0.34%
2014-02-12,15.0,15.06,14.5,14.55,58.26K,-3.32%
2014-02-11,15.55,15.65,14.7,15.05,78.70K,-3.83%
2014-02-10,15.5,15.85,15.3,15.65,69.08K,0.97%
2014-02-07,16.95,17.27,15.15,15.5,106.54K,-8.82%
2014-02-06,19.15,19.2,16.7,17.0,102.98K,-11.23%
2014-02-05,18.55,19.65,18.35,19.15,126.93K,2.68%
2014-02-04,19.15,19.2,17.9,18.65,125.18K,-2.86%
2014-02-03,17.55,19.2,17.2,19.2,167.73K,9.09%
2014-01-31,16.5,18.0,16.4,17.6,165.95K,5.71%
2014-01-30,16.3,16.65,15.47,16.65,120.18K,1.52%
2014-01-29,15.15,16.55,14.74,16.4,180.11K,7.89%
2014-01-28,16.1,16.25,14.95,15.2,119.68K,-5.59%
2014-01-27,15.95,16.95,15.05,16.1,206.83K,-0.62%
2014-01-24,14.2,16.2,14.15,16.2,176.34K,14.08%
2014-01-23,13.8,14.65,13.8,14.2,96.46K,2.53%
2014-01-22,14.1,14.2,13.8,13.85,66.45K,4.53%
2014-01-21,13.4,13.5,12.83,13.25,64.73K,-5.93%
2014-01-20,14.18,14.24,14.06,14.09,-,4.72%
2014-01-17,13.4,13.5,13.1,13.45,53.33K,0.00%
2014-01-16,13.1,13.5,13.1,13.45,51.49K,2.28%
2014-01-15,13.05,13.32,12.95,13.15,38.65K,0.38%
2014-01-14,13.75,13.83,12.99,13.1,69.74K,-5.07%
2014-01-13,13.2,14.1,12.85,13.8,88.90K,4.15%
2014-01-10,13.65,13.65,13.15,13.25,54.96K,-2.93%
2014-01-09,13.7,13.8,13.5,13.65,47.54K,-0.36%
2014-01-08,13.61,13.8,13.55,13.7,49.86K,0.37%
2014-01-07,13.89,13.9,13.5,13.65,41.86K,-1.80%
2014-01-06,14.0,14.13,13.7,13.9,53.65K,-1.07%
2014-01-03,14.2,14.35,13.9,14.05,48.05K,-1.06%
2014-01-02,13.8,14.5,13.8,14.2,69.71K,1.97%
2014-01-01,13.93,13.93,13.93,13.93,-,-0.18%
2013-12-31,13.85,14.18,13.65,13.95,46.64K,0.36%
2013-12-30,13.7,14.0,13.6,13.9,37.38K,1.46%
2013-12-27,13.35,13.77,13.35,13.7,54.62K,2.24%
2013-12-26,13.45,13.6,13.3,13.4,47.53K,0.00%
2013-12-24,13.9,13.93,13.35,13.4,44.11K,-3.60%
2013-12-23,14.35,14.45,13.85,13.9,44.11K,-3.81%
2013-12-20,14.45,14.55,14.19,14.45,58.56K,0.00%
2013-12-19,14.45,14.65,14.2,14.45,83.18K,-0.34%
2013-12-18,15.55,15.6,14.25,14.5,147.18K,-10.77%
2013-12-17,15.88,16.4,15.73,16.25,56.32K,2.20%
2013-12-16,15.7,15.9,14.99,15.9,73.64K,2.58%
2013-12-13,15.4,15.59,14.95,15.5,48.52K,0.65%
2013-12-12,14.9,15.85,14.43,15.4,111.86K,3.36%
2013-12-11,13.85,15.0,13.8,14.9,90.78K,6.81%
2013-12-10,13.75,13.95,13.6,13.95,90.78K,1.45%
2013-12-09,13.9,13.95,13.7,13.75,44.72K,-1.43%
2013-12-06,14.55,14.56,13.75,13.95,52.13K,-4.12%
2013-12-05,14.25,14.6,14.12,14.55,59.89K,2.11%
2013-12-04,14.6,15.15,14.2,14.25,87.68K,-2.73%
2013-12-03,14.25,15.02,14.2,14.65,83.42K,2.45%
2013-12-02,13.95,14.3,13.9,14.3,51.39K,2.51%
2013-11-29,13.8,14.0,13.6,13.95,26.27K,2.39%
2013-11-28,13.8,13.8,13.63,13.63,-,-1.62%
2013-11-27,13.7,13.85,13.65,13.85,31.57K,0.73%
2013-11-26,13.65,13.8,13.55,13.75,41.23K,0.73%
2013-11-25,13.5,13.75,13.4,13.65,38.40K,0.37%
2013-11-22,13.7,13.8,13.55,13.6,40.89K,-0.73%
2013-11-21,14.13,14.3,13.6,13.7,94.73K,-3.18%
2013-11-20,14.5,14.75,13.95,14.15,117.27K,4.04%
2013-11-19,13.27,13.65,13.13,13.6,58.41K,2.26%
2013-11-18,12.95,13.32,12.68,13.3,66.87K,2.70%
2013-11-15,13.08,13.15,12.85,12.95,62.76K,-0.77%
2013-11-14,13.25,13.35,13.0,13.05,47.45K,-1.51%
2013-11-13,13.25,13.25,13.15,13.25,53.60K,-0.75%
2013-11-12,13.35,13.35,13.33,13.35,53.60K,0.38%
2013-11-11,13.65,13.75,13.25,13.3,36.56K,-2.21%
2013-11-08,14.25,14.35,13.5,13.6,59.08K,-4.56%
2013-11-07,13.65,14.4,13.48,14.25,54.07K,4.01%
2013-11-06,14.0,14.05,13.65,13.7,44.59K,-2.14%
2013-11-05,13.95,14.3,13.85,14.0,-,0.36%
2013-11-04,13.95,13.95,13.85,13.95,-,-3.46%
2013-11-01,14.45,14.7,14.3,14.45,32.49K,-0.34%
2013-10-31,14.55,14.76,14.25,14.5,38.49K,-0.34%
2013-10-30,14.45,14.95,14.35,14.55,54.96K,0.69%
2013-10-29,14.55,14.68,14.35,14.45,54.96K,-0.69%
2013-10-28,14.45,14.75,14.45,14.55,27.79K,0.34%
2013-10-25,14.5,14.75,14.44,14.5,30.72K,0.35%
2013-10-24,14.45,14.8,14.4,14.45,38.76K,-1.70%
2013-10-23,14.95,15.27,14.65,14.7,59.40K,0.68%
2013-10-22,14.55,14.8,14.2,14.6,61.22K,0.00%
2013-10-21,14.35,14.8,14.15,14.6,52.37K,1.74%
2013-10-18,14.45,14.8,14.2,14.35,76.42K,-1.37%
2013-10-17,15.65,15.8,14.5,14.55,108.50K,-6.43%
2013-10-16,17.25,17.27,15.5,15.55,137.12K,-14.56%
2013-10-15,15.9,18.28,15.8,18.2,65.07K,14.47%
2013-10-14,16.5,17.15,15.7,15.9,59.47K,1.27%
2013-10-11,16.3,16.3,15.5,15.7,51.62K,-4.27%
2013-10-10,18.7,18.7,16.18,16.4,84.97K,-13.00%
2013-10-09,19.1,20.26,18.2,18.85,110.81K,-2.84%
2013-10-08,18.4,19.83,18.13,19.4,110.23K,4.86%
2013-10-07,17.5,18.5,17.45,18.5,72.03K,10.12%
2013-10-04,17.1,17.45,16.7,16.8,66.52K,-2.61%
2013-10-03,16.35,18.0,16.25,17.25,113.95K,5.50%
2013-10-02,15.75,16.4,15.75,16.35,71.11K,5.83%
2013-10-01,16.05,16.25,15.4,15.45,61.44K,-4.63%
2013-09-30,16.0,16.45,15.75,16.2,79.02K,4.52%
2013-09-27,15.0,15.7,14.95,15.5,62.83K,4.73%
2013-09-26,14.9,15.08,14.75,14.8,46.28K,-1.66%
2013-09-25,15.1,15.32,14.9,15.05,58.19K,0.00%
2013-09-24,15.35,15.42,14.85,15.05,43.97K,-1.95%
2013-09-23,15.1,15.52,14.9,15.35,50.15K,2.33%
2013-09-20,14.75,15.1,14.6,15.0,64.63K,1.69%
2013-09-19,14.6,14.95,14.55,14.75,58.68K,0.34%
2013-09-18,15.4,15.7,14.65,14.7,94.38K,0.34%
2013-09-17,14.65,14.9,14.5,14.65,-,-0.34%
2013-09-16,14.15,14.75,14.1,14.7,52.72K,-0.68%
2013-09-13,14.8,15.13,14.62,14.8,59.95K,0.00%
2013-09-12,14.5,15.0,14.35,14.8,47.31K,1.72%
2013-09-11,15.15,15.35,14.5,14.55,53.72K,-3.96%
2013-09-10,15.35,15.35,15.1,15.15,62.29K,-4.11%
2013-09-09,16.35,16.4,15.65,15.8,46.47K,-4.24%
2013-09-06,16.3,17.05,15.95,16.5,72.60K,0.61%
2013-09-05,16.7,16.85,16.25,16.4,43.00K,-1.80%
2013-09-04,16.85,17.03,16.65,16.7,59.02K,-0.89%
2013-09-03,16.95,17.33,16.6,16.85,81.48K,-3.71%
2013-08-30,17.2,18.05,17.15,17.5,67.35K,0.86%
2013-08-29,16.9,17.5,16.75,17.35,67.71K,0.00%
2013-08-28,17.15,17.4,16.7,17.35,87.83K,0.87%
2013-08-27,16.1,17.2,16.1,17.2,98.77K,8.52%
2013-08-26,15.2,15.85,14.9,15.85,55.34K,4.28%
2013-08-23,15.4,15.51,15.15,15.2,36.85K,-1.62%
2013-08-22,15.85,15.9,15.4,15.45,76.11K,-4.04%
2013-08-21,15.65,16.25,15.3,16.1,104.58K,7.33%
2013-08-20,14.9,15.05,14.35,15.0,-,-0.33%
2013-08-19,14.35,15.05,14.18,15.05,57.32K,4.15%
2013-08-16,14.05,14.62,13.9,14.45,91.33K,1.40%
2013-08-15,13.65,14.35,13.6,14.25,82.42K,6.74%
2013-08-14,13.1,13.35,12.97,13.35,53.41K,1.91%
2013-08-13,13.25,13.55,13.0,13.1,48.79K,-1.87%
2013-08-12,13.75,13.9,13.3,13.35,49.46K,-1.48%
2013-08-09,13.35,13.7,13.14,13.55,44.47K,2.26%
2013-08-08,13.3,13.65,13.2,13.25,40.96K,-2.21%
2013-08-07,13.55,14.0,13.45,13.55,60.31K,1.12%
2013-08-06,13.05,13.6,13.05,13.4,52.37K,2.68%
2013-08-05,13.1,13.25,12.95,13.05,42.94K,-0.76%
2013-08-02,13.55,13.65,13.1,13.15,49.35K,-3.31%
2013-08-01,13.7,13.75,13.45,13.6,68.68K,-2.16%
2013-07-31,14.3,14.45,13.65,13.9,79.99K,-2.80%
2013-07-30,14.55,14.8,14.25,14.3,52.50K,-2.39%
2013-07-29,14.55,14.85,14.45,14.65,40.01K,1.38%
2013-07-26,14.65,14.95,14.4,14.45,32.85K,-0.34%
2013-07-25,15.0,15.12,14.45,14.5,41.32K,-2.03%
2013-07-24,14.5,15.05,14.43,14.8,57.86K,1.02%
2013-07-23,14.55,14.93,14.45,14.65,52.89K,-0.34%
2013-07-22,13.95,15.12,13.95,14.7,46.22K,-1.34%
2013-07-19,15.45,15.69,14.85,14.9,52.86K,-3.56%
2013-07-18,15.6,15.64,15.15,15.45,58.04K,-0.96%
2013-07-17,16.1,16.2,15.55,15.6,68.77K,9.47%
2013-07-16,14.0,14.6,13.9,14.25,-,1.42%
2013-07-15,14.55,14.6,13.95,14.05,41.13K,-4.10%
2013-07-12,14.4,14.77,14.32,14.65,36.58K,1.03%
2013-07-11,14.35,14.75,14.2,14.5,62.52K,-2.36%
2013-07-10,15.15,15.2,14.75,14.85,56.86K,-1.66%
2013-07-09,15.25,15.3,14.87,15.1,58.46K,-1.63%
2013-07-08,15.7,15.7,15.25,15.35,71.17K,-3.76%
2013-07-05,16.85,17.1,15.9,15.95,74.77K,-7.40%
2013-07-04,17.23,17.23,17.23,17.23,-,-0.14%
2013-07-03,17.9,18.0,17.2,17.25,33.51K,-1.99%
2013-07-02,17.4,17.95,17.05,17.6,50.07K,-0.28%
2013-07-01,17.65,17.8,16.95,17.65,72.25K,-2.22%
2013-06-28,17.95,18.65,17.63,18.05,66.78K,-0.82%
2013-06-27,18.55,18.6,18.0,18.2,66.61K,-3.45%
2013-06-26,19.0,19.35,18.75,18.85,64.83K,-3.08%
2013-06-25,19.65,19.85,19.2,19.45,78.01K,-3.47%
2013-06-24,19.75,20.35,19.35,20.15,110.14K,6.05%
2013-06-21,19.0,20.07,18.65,19.0,118.86K,-3.31%
2013-06-20,18.05,20.25,18.0,19.65,184.32K,11.97%
2013-06-19,17.7,17.85,16.75,17.55,116.64K,4.46%
2013-06-18,16.8,17.1,16.65,16.8,-,-0.88%
2013-06-17,17.0,17.53,16.53,16.95,60.14K,-3.42%
2013-06-14,16.85,17.68,16.4,17.55,86.26K,4.46%
2013-06-13,18.45,18.45,16.65,16.8,101.45K,-7.95%
2013-06-12,16.45,18.47,16.35,18.25,113.05K,7.99%
2013-06-11,16.05,17.0,15.95,16.9,94.33K,8.33%
2013-06-10,15.6,15.85,15.4,15.6,55.08K,-1.27%
2013-06-07,16.6,16.65,15.65,15.8,82.34K,-4.53%
2013-06-06,16.8,18.09,16.35,16.55,120.14K,-2.93%
2013-06-05,16.4,17.05,16.25,17.05,96.90K,5.90%
2013-06-04,16.0,16.67,15.8,16.1,63.33K,0.63%
2013-06-03,15.75,16.9,15.7,16.0,105.08K,-0.31%
2013-05-31,15.55,16.15,15.3,16.05,85.34K,4.22%
2013-05-30,15.25,15.6,15.15,15.4,68.67K,0.00%
2013-05-29,15.45,15.75,15.2,15.4,86.12K,1.32%
2013-05-28,15.15,15.35,14.9,15.2,65.52K,-1.94%
2013-05-24,15.65,15.86,15.35,15.5,54.12K,0.00%
2013-05-23,16.0,16.25,15.44,15.5,92.73K,1.31%
2013-05-22,15.25,15.7,15.0,15.3,88.03K,12.92%
2013-05-21,13.2,13.58,13.1,13.55,-,1.88%
2013-05-20,13.25,13.51,13.15,13.3,61.41K,0.76%
2013-05-17,13.8,13.8,13.0,13.2,62.30K,-5.38%
2013-05-16,13.65,14.1,13.6,13.95,48.55K,1.82%
2013-05-15,13.6,13.9,13.5,13.7,54.35K,1.11%
2013-05-14,13.65,13.85,13.45,13.55,48.75K,-0.73%
2013-05-13,14.05,14.1,13.6,13.65,40.19K,-1.44%
2013-05-10,14.1,14.4,13.8,13.85,54.05K,-2.46%
2013-05-09,14.1,14.55,13.95,14.2,65.02K,1.43%
2013-05-08,13.9,14.3,13.83,14.0,42.52K,1.08%
2013-05-07,13.75,14.1,13.67,13.85,42.65K,-0.36%
2013-05-06,14.2,14.3,13.85,13.9,34.36K,-2.46%
2013-05-03,14.6,14.7,14.13,14.25,50.59K,-2.06%
2013-05-02,14.9,15.1,14.5,14.55,56.12K,-3.96%
2013-05-01,14.45,15.3,14.4,15.15,68.34K,4.84%
2013-04-30,14.7,14.97,14.4,14.45,51.48K,-2.03%
2013-04-29,14.6,14.85,14.45,14.75,47.01K,-0.34%
2013-04-26,14.9,15.22,14.7,14.8,46.07K,0.00%
2013-04-25,14.5,14.9,14.3,14.8,41.98K,1.02%
2013-04-24,14.55,14.76,14.4,14.65,52.75K,0.69%
2013-04-23,15.2,16.05,14.45,14.55,92.85K,-4.90%
2013-04-22,15.6,16.2,15.15,15.3,79.84K,-4.08%
2013-04-19,16.65,17.0,15.55,15.95,98.69K,-7.27%
2013-04-18,16.05,17.4,15.95,17.2,129.84K,4.56%
2013-04-17,15.15,16.8,15.0,16.45,188.15K,17.92%
2013-04-16,15.0,15.15,13.84,13.95,-,-16.47%
2013-04-15,13.1,16.75,12.85,16.7,134.72K,30.98%
2013-04-12,13.35,13.62,12.7,12.75,52.38K,-3.04%
2013-04-11,13.1,13.3,12.85,13.15,51.03K,0.38%
2013-04-10,13.35,13.55,13.0,13.1,59.62K,-3.68%
2013-04-09,13.65,14.0,13.35,13.6,62.56K,-0.37%
2013-04-08,14.15,14.5,13.6,13.65,58.50K,-4.88%
2013-04-05,14.7,15.35,14.25,14.35,85.16K,0.70%
2013-04-04,14.35,15.0,14.2,14.25,70.46K,-2.73%
2013-04-03,13.8,14.75,13.75,14.65,82.74K,6.16%
2013-04-02,14.2,14.25,13.75,13.8,59.96K,-4.17%
2013-04-01,14.25,14.62,14.1,14.4,50.76K,1.41%
2013-03-28,14.3,14.5,14.15,14.2,43.08K,-1.39%
2013-03-27,14.6,14.8,14.25,14.4,54.59K,1.41%
2013-03-26,14.55,14.6,14.15,14.2,56.73K,-2.41%
2013-03-25,14.5,15.15,14.17,14.55,93.07K,-1.69%
2013-03-22,14.8,15.13,14.55,14.8,59.55K,-1.00%
2013-03-21,14.6,15.1,14.4,14.95,96.03K,3.10%
2013-03-20,15.1,15.2,14.35,14.5,113.47K,-2.03%
2013-03-19,13.5,15.38,13.15,14.8,-,8.03%
2013-03-18,13.35,14.1,12.93,13.7,85.69K,9.16%
2013-03-15,12.6,13.11,12.45,12.55,57.15K,0.00%
2013-03-14,12.85,12.93,12.5,12.55,38.64K,-3.09%
2013-03-13,13.55,13.6,12.9,12.95,41.31K,-2.26%
2013-03-12,13.2,13.95,13.05,13.25,54.47K,1.92%
2013-03-11,13.9,13.95,12.95,13.0,59.92K,-5.80%
2013-03-08,14.1,14.55,13.75,13.8,67.70K,-2.82%
2013-03-07,14.65,14.8,14.15,14.2,46.99K,-3.40%
2013-03-06,14.35,14.98,14.2,14.7,48.00K,1.03%
2013-03-05,14.85,14.9,14.45,14.55,60.40K,-3.00%
2013-03-04,16.25,16.5,14.95,15.0,69.84K,-8.54%
2013-03-01,16.6,17.25,15.9,16.4,80.48K,1.55%
2013-02-28,15.3,16.2,15.08,16.15,66.89K,4.87%
2013-02-27,16.8,17.05,15.1,15.4,94.97K,-9.68%
2013-02-26,17.0,18.05,16.4,17.05,135.68K,-3.40%
2013-02-25,14.55,17.7,14.1,17.65,145.45K,18.86%
2013-02-22,15.15,15.4,14.8,14.85,51.10K,-4.19%
2013-02-21,15.35,16.05,15.05,15.5,94.95K,0.65%
2013-02-20,13.95,15.4,13.8,15.4,86.07K,10.79%
2013-02-19,14.35,14.45,13.8,13.9,73.12K,-4.14%
2013-02-15,14.65,14.85,14.4,14.5,53.30K,-0.34%
2013-02-14,14.9,15.05,14.5,14.55,46.64K,-1.36%
2013-02-13,14.65,15.1,14.59,14.75,56.06K,13.46%
2013-02-12,13.45,13.55,12.95,13.0,-,-3.70%
2013-02-11,13.7,13.85,13.45,13.5,38.66K,-2.17%
2013-02-08,14.2,14.25,13.65,13.8,49.43K,-2.13%
2013-02-07,14.15,15.05,13.95,14.1,59.61K,-0.35%
2013-02-06,14.45,14.9,14.1,14.15,45.64K,-1.74%
2013-02-05,14.9,15.0,14.1,14.4,47.10K,-5.88%
2013-02-04,14.45,15.35,14.35,15.3,57.25K,6.99%
2013-02-01,14.75,14.8,13.8,14.3,66.47K,-4.03%
2013-01-31,15.15,15.45,14.8,14.9,47.07K,-1.65%
2013-01-30,14.15,15.25,14.15,15.15,70.28K,7.83%
2013-01-29,14.7,14.85,13.9,14.05,47.64K,-3.77%
2013-01-28,14.0,14.75,13.95,14.6,41.35K,3.55%
2013-01-25,13.75,14.35,13.73,14.1,45.89K,1.08%
2013-01-24,13.9,14.85,13.7,13.95,81.67K,1.82%
2013-01-23,14.05,14.3,13.65,13.7,56.13K,-2.49%
2013-01-22,14.6,14.9,14.0,14.05,55.71K,-4.10%
2013-01-18,15.6,15.67,14.5,14.65,68.73K,-6.69%
2013-01-17,15.45,15.7,15.15,15.7,42.38K,1.29%
2013-01-16,16.0,16.0,15.35,15.5,56.61K,9.15%
2013-01-15,14.25,14.4,13.9,14.2,-,0.71%
2013-01-14,14.3,14.35,13.93,14.1,40.23K,-0.35%
2013-01-11,14.25,14.6,14.1,14.15,38.36K,-0.35%
2013-01-10,14.55,14.75,14.15,14.2,35.86K,-3.40%
2013-01-09,14.65,14.95,14.35,14.7,38.02K,0.34%
2013-01-08,14.85,15.15,14.5,14.65,43.70K,-0.68%
2013-01-07,15.4,15.5,14.7,14.75,38.98K,-3.59%
2013-01-04,15.85,15.88,15.05,15.3,52.98K,-3.77%
2013-01-03,15.75,16.0,15.3,15.9,59.68K,1.92%
2013-01-02,16.8,16.8,15.5,15.6,97.54K,-11.86%
2012-12-31,21.65,21.7,17.6,17.7,92.98K,-20.81%
2012-12-28,19.5,22.4,19.4,22.35,60.21K,17.02%
2012-12-27,19.35,20.65,19.05,19.1,64.95K,-2.05%
2012-12-26,18.5,19.55,18.45,19.5,38.72K,4.56%
2012-12-24,18.25,18.65,18.15,18.65,22.57K,2.19%
2012-12-21,18.1,19.1,18.1,18.25,73.44K,4.29%
2012-12-20,17.0,17.55,16.8,17.5,54.71K,2.34%
2012-12-19,16.1,17.1,15.9,17.1,59.01K,9.97%
2012-12-18,15.95,16.25,15.45,15.55,-,-4.01%
2012-12-17,16.7,17.2,16.15,16.2,48.34K,-3.86%
2012-12-14,16.5,17.2,16.38,16.85,47.85K,1.51%
2012-12-13,16.1,16.8,15.85,16.6,42.69K,3.11%
2012-12-12,15.5,16.15,15.4,16.1,40.42K,3.54%
2012-12-11,15.95,16.01,15.5,15.55,40.42K,-2.81%
2012-12-10,16.05,16.25,15.84,16.0,29.49K,0.00%
2012-12-07,16.5,16.55,15.7,16.0,42.97K,-2.44%
2012-12-06,16.1,16.5,16.0,16.4,31.79K,1.86%
2012-12-05,16.3,16.88,16.0,16.1,40.34K,-2.42%
2012-12-04,16.15,16.7,15.98,16.5,45.01K,0.61%
2012-12-03,15.45,16.41,15.25,16.4,41.12K,5.47%
2012-11-30,15.25,15.85,15.2,15.55,45.68K,1.97%
2012-11-29,15.35,15.75,15.2,15.25,41.12K,-1.61%
2012-11-28,16.2,16.7,15.45,15.5,54.78K,-4.02%
2012-11-27,15.65,16.25,15.45,16.15,46.78K,3.53%
2012-11-26,16.15,16.28,15.55,15.6,43.35K,-3.11%
2012-11-23,16.3,16.4,15.8,16.1,31.71K,-2.13%
2012-11-21,16.4,16.75,16.1,16.45,40.37K,8.58%
2012-11-20,15.35,15.6,14.95,15.15,-,-0.66%
2012-11-19,16.4,16.45,15.2,15.25,47.47K,-8.96%
2012-11-16,18.0,18.51,16.7,16.75,57.46K,-7.20%
2012-11-15,17.7,18.75,17.3,18.05,59.42K,1.12%
2012-11-14,16.8,18.15,16.4,17.85,55.01K,5.31%
2012-11-13,17.5,17.65,16.64,16.95,55.59K,-0.88%
2012-11-12,18.35,18.5,17.05,17.1,39.93K,-8.06%
2012-11-09,18.9,19.4,17.94,18.6,54.01K,0.54%
2012-11-08,18.5,18.9,18.06,18.5,51.85K,-1.86%
2012-11-07,17.25,18.86,17.2,18.85,71.79K,10.56%
2012-11-06,17.95,18.07,16.85,17.05,41.47K,-5.80%
2012-11-05,17.8,18.32,17.58,18.1,45.23K,1.69%
2012-11-02,16.95,17.85,16.65,17.8,58.20K,5.33%
2012-11-01,18.7,18.7,16.85,16.9,59.96K,-10.82%
2012-10-31,17.9,18.97,17.75,18.95,59.67K,3.69%
2012-10-30,18.27,18.27,18.27,18.27,-,0.00%
2012-10-29,18.27,18.27,18.27,18.27,-,0.14%
2012-10-26,18.75,18.85,18.0,18.25,51.09K,-0.27%
2012-10-25,18.4,18.9,18.15,18.3,40.94K,-2.40%
2012-10-24,18.85,19.1,18.5,18.75,59.03K,-2.34%
2012-10-23,17.8,19.3,17.8,19.2,92.20K,10.66%
2012-10-22,17.5,18.14,17.25,17.35,51.13K,-1.42%
2012-10-19,16.7,17.85,16.65,17.6,67.44K,5.39%
2012-10-18,16.55,16.8,16.3,16.7,46.00K,1.52%
2012-10-17,16.65,16.95,16.4,16.45,49.15K,6.13%
2012-10-16,15.35,15.6,15.0,15.5,-,-1.27%
2012-10-15,16.4,16.6,15.55,15.7,35.59K,-5.71%
2012-10-12,15.9,16.8,15.7,16.65,44.12K,2.78%
2012-10-11,16.5,16.55,15.85,16.2,38.67K,-3.28%
2012-10-10,16.65,17.1,16.4,16.75,38.62K,0.30%
2012-10-09,15.9,16.82,15.65,16.7,40.41K,5.03%
2012-10-08,15.95,16.13,15.72,15.9,24.73K,0.95%
2012-10-05,15.6,15.9,15.14,15.75,43.87K,-0.32%
2012-10-04,16.3,16.4,15.75,15.8,30.28K,-4.24%
2012-10-03,16.65,16.97,16.18,16.5,39.73K,-0.60%
2012-10-02,16.55,17.2,16.3,16.6,36.40K,-2.06%
2012-10-01,16.25,17.1,15.65,16.95,48.68K,3.35%
2012-09-28,16.4,16.77,15.98,16.4,41.14K,1.86%
2012-09-27,17.3,17.55,16.0,16.1,57.34K,-9.30%
2012-09-26,17.2,18.25,17.15,17.75,60.36K,3.50%
2012-09-25,15.85,17.25,15.6,17.15,58.90K,7.86%
2012-09-24,16.1,16.28,15.6,15.9,37.19K,-0.93%
2012-09-21,16.15,16.31,15.75,16.05,42.00K,-2.13%
2012-09-20,16.45,16.75,16.1,16.4,45.99K,2.18%
2012-09-19,16.15,16.4,15.95,16.05,58.49K,12.24%
2012-09-18,14.95,15.1,14.25,14.3,32.00K,-4.67%
2012-09-17,15.75,15.75,14.95,15.0,34.55K,-4.76%
2012-09-14,14.7,15.76,14.25,15.75,42.28K,5.70%
2012-09-13,16.05,16.27,14.35,14.9,63.25K,-5.70%
2012-09-12,16.3,16.65,15.75,15.8,40.72K,-4.82%
2012-09-11,16.15,16.65,15.7,16.6,51.51K,0.61%
2012-09-10,15.25,16.54,14.9,16.5,45.47K,9.27%
2012-09-07,16.0,16.1,15.05,15.1,44.03K,-6.21%
2012-09-06,18.0,18.1,16.05,16.1,51.53K,-11.29%
2012-09-05,18.9,18.9,18.1,18.15,33.55K,-2.68%
2012-09-04,18.95,19.45,18.6,18.65,37.16K,-1.58%
2012-08-31,19.4,19.77,18.75,18.95,38.77K,-3.81%
2012-08-30,19.5,19.85,19.35,19.7,31.44K,2.34%
2012-08-29,18.9,19.4,18.65,19.25,30.87K,1.32%
2012-08-28,18.8,19.13,18.65,19.0,28.51K,1.06%
2012-08-27,18.45,18.85,18.2,18.8,28.90K,1.35%
2012-08-24,19.45,19.65,18.35,18.55,39.12K,-3.89%
2012-08-23,19.0,19.65,18.8,19.3,39.31K,1.58%
2012-08-22,18.9,19.35,18.75,19.0,42.84K,27.52%
2012-08-21,14.65,15.3,14.35,14.9,-,1.71%
2012-08-20,15.25,15.45,14.6,14.65,27.49K,-2.98%
2012-08-17,15.9,16.06,14.98,15.1,30.53K,-5.03%
2012-08-16,16.2,16.7,15.85,15.9,27.76K,-1.85%
2012-08-15,16.65,16.71,16.05,16.2,18.64K,-1.22%
2012-08-14,15.75,16.65,15.45,16.4,28.92K,3.80%
2012-08-13,16.6,16.6,15.6,15.8,27.38K,-3.36%
2012-08-10,16.9,17.1,16.25,16.35,22.70K,-1.21%
2012-08-09,16.95,17.15,16.5,16.55,25.04K,-1.49%
2012-08-08,17.75,17.9,16.65,16.8,28.98K,-4.82%
2012-08-07,16.8,17.7,16.7,17.65,26.90K,4.75%
2012-08-06,17.2,17.35,16.8,16.85,28.80K,-2.03%
2012-08-03,18.45,18.45,17.15,17.2,41.45K,-8.02%
2012-08-02,19.25,20.6,18.6,18.7,49.43K,-5.08%
2012-08-01,19.65,19.95,19.2,19.7,34.35K,-1.01%
2012-07-31,19.25,20.08,19.25,19.9,27.10K,2.05%
2012-07-30,18.7,19.51,18.5,19.5,29.92K,4.84%
2012-07-27,19.15,19.15,18.5,18.6,38.51K,-2.87%
2012-07-26,20.25,20.32,19.1,19.15,42.56K,-9.24%
2012-07-25,21.45,22.15,20.8,21.1,38.39K,-3.43%
2012-07-24,21.05,22.15,20.55,21.85,45.33K,5.05%
2012-07-23,20.05,21.6,20.05,20.8,51.54K,8.62%
2012-07-20,18.65,19.47,18.55,19.15,36.81K,5.22%
2012-07-19,18.5,19.0,18.15,18.2,37.75K,-2.41%
2012-07-18,18.6,18.85,18.2,18.65,36.88K,12.01%
2012-07-17,17.0,17.5,16.35,16.65,-,-3.76%
2012-07-16,17.65,17.8,17.0,17.3,28.37K,-0.86%
2012-07-13,18.45,18.45,17.35,17.45,43.28K,-5.68%
2012-07-12,18.7,19.65,18.19,18.5,39.74K,1.09%
2012-07-11,19.0,19.48,18.2,18.3,36.74K,-4.94%
2012-07-10,18.2,19.6,17.85,19.25,34.85K,4.62%
2012-07-09,18.6,19.0,18.25,18.4,29.27K,0.82%
2012-07-06,18.9,19.55,18.2,18.25,33.33K,-2.93%
2012-07-05,17.95,19.1,17.85,18.8,32.00K,6.21%
2012-07-03,18.2,18.45,17.65,17.7,25.53K,-2.48%
2012-07-02,19.0,19.6,18.05,18.15,47.69K,-7.16%
2012-06-29,19.0,20.65,18.8,19.55,49.37K,-8.43%
2012-06-28,22.2,22.9,21.3,21.35,40.01K,-1.61%
2012-06-27,21.55,22.2,21.25,21.7,32.83K,-0.23%
2012-06-26,22.4,22.9,21.65,21.75,47.38K,-3.12%
2012-06-25,22.05,22.95,22.0,22.45,49.44K,2.75%
2012-06-22,23.0,23.0,20.65,21.85,68.98K,-6.42%
2012-06-21,20.6,23.4,20.5,23.35,72.57K,14.18%
2012-06-20,21.75,22.65,20.4,20.45,68.51K,10.84%
2012-06-19,19.1,19.1,18.0,18.45,-,-2.89%
2012-06-18,21.55,21.92,18.95,19.0,45.53K,-11.63%
2012-06-15,23.1,23.35,21.45,21.5,29.94K,-6.32%
2012-06-14,24.7,25.3,22.9,22.95,33.95K,-8.02%
2012-06-13,23.6,25.65,23.6,24.95,36.56K,6.40%
2012-06-12,24.0,25.0,23.35,23.45,33.20K,-4.48%
2012-06-11,21.2,24.56,21.0,24.55,35.01K,13.13%
2012-06-08,23.6,23.7,21.65,21.7,27.74K,-5.86%
2012-06-07,22.9,23.5,22.35,23.05,33.04K,-1.50%
2012-06-06,24.8,25.25,23.35,23.4,34.58K,-8.59%
2012-06-05,26.8,27.06,25.55,25.6,28.33K,-5.01%
2012-06-04,27.35,28.2,26.45,26.95,35.70K,-2.88%
2012-06-01,27.05,28.45,26.75,27.75,43.36K,6.73%
2012-05-31,25.25,26.95,24.6,26.0,42.12K,1.17%
2012-05-30,23.6,25.71,23.6,25.7,33.52K,11.74%
2012-05-29,23.85,24.4,22.95,23.0,32.18K,-6.31%
2012-05-25,24.4,25.1,24.4,24.55,22.46K,1.24%
2012-05-24,24.75,26.0,24.25,24.25,36.89K,-2.22%
2012-05-23,25.75,26.8,24.49,24.8,46.47K,-0.60%
2012-05-22,23.9,26.05,22.85,24.95,49.90K,2.89%
2012-05-21,27.5,27.8,24.1,24.25,81.73K,-14.01%
2012-05-18,25.75,28.25,25.48,28.2,63.57K,7.63%
2012-05-17,24.65,26.21,24.1,26.2,50.53K,7.38%
2012-05-16,23.45,24.73,23.04,24.4,47.44K,11.67%
2012-05-15,21.5,22.6,20.65,21.85,-,-0.46%
2012-05-14,20.8,22.0,20.8,21.95,37.46K,9.20%
2012-05-11,19.85,20.5,19.34,20.1,30.32K,3.88%
2012-05-10,19.9,20.1,19.3,19.35,27.99K,-5.61%
2012-05-09,20.3,21.55,19.78,20.5,42.17K,4.86%
2012-05-08,19.45,21.25,19.35,19.55,38.37K,1.03%
2012-05-07,20.6,20.65,19.15,19.35,28.27K,-3.25%
2012-05-04,18.75,20.1,18.6,20.0,32.47K,6.38%
2012-05-03,17.8,18.94,17.8,18.8,29.09K,4.16%
2012-05-02,18.0,18.62,17.92,18.05,25.45K,0.28%
2012-05-01,18.45,18.6,17.65,18.0,24.84K,-2.44%
2012-04-30,18.25,18.7,18.18,18.45,26.11K,2.22%
2012-04-27,17.75,18.45,17.75,18.05,26.36K,0.28%
2012-04-26,18.65,18.97,17.85,18.0,33.60K,-2.96%
2012-04-25,19.4,19.45,18.5,18.55,37.96K,-6.08%
2012-04-24,20.4,20.8,19.7,19.75,24.60K,-4.13%
2012-04-23,20.45,21.4,20.4,20.6,37.08K,4.57%
2012-04-20,20.1,20.15,19.6,19.7,30.80K,-3.43%
2012-04-19,20.55,21.15,19.87,20.4,38.54K,-0.61%
2012-04-18,20.3,20.63,19.88,20.52,-,2.75%
2012-04-17,20.88,20.92,19.83,19.98,-,-6.44%
2012-04-16,21.6,21.92,20.63,21.35,-,7.15%
2012-04-13,18.5,20.08,18.42,19.92,-,9.63%
2012-04-12,20.23,20.85,18.17,18.17,-,-12.09%
2012-04-11,20.38,20.98,19.92,20.67,-,-2.13%
2012-04-10,19.58,21.63,19.33,21.13,-,8.19%
2012-04-09,19.4,19.63,18.77,19.52,-,6.26%
2012-04-05,17.92,18.58,17.77,18.38,-,2.51%
2012-04-04,18.02,18.88,17.67,17.92,-,4.37%
2012-04-03,17.05,17.98,16.83,17.17,-,0.88%
2012-04-02,16.98,17.23,16.38,17.02,-,1.34%
2012-03-30,16.7,17.42,16.45,16.8,-,-1.90%
2012-03-29,17.6,18.77,17.08,17.13,-,-2.70%
2012-03-28,17.33,19.17,17.13,17.6,-,0.14%
2012-03-27,15.77,17.58,15.77,17.58,-,12.84%
2012-03-26,16.8,16.9,15.57,15.57,-,-8.25%
2012-03-23,18.55,18.8,16.98,16.98,-,-7.37%
2012-03-22,18.8,19.48,18.33,18.33,-,1.38%
2012-03-21,19.17,19.27,18.08,18.08,-,-5.49%
2012-03-20,20.3,20.83,19.13,19.13,-,-4.26%
2012-03-19,21.67,21.75,19.98,19.98,-,23.88%
2012-03-16,16.88,16.98,16.13,16.13,-,-5.43%
2012-03-15,17.42,17.88,16.92,17.05,-,-4.08%
2012-03-14,17.02,18.17,16.77,17.77,-,4.71%
2012-03-13,17.58,17.58,16.88,16.98,-,-4.37%
2012-03-12,19.23,19.27,17.73,17.75,-,-6.70%
2012-03-09,19.77,19.77,18.83,19.02,-,-3.30%
2012-03-08,20.13,20.38,19.67,19.67,-,-4.61%
2012-03-07,21.85,22.13,20.63,20.63,-,-8.44%
2012-03-06,20.77,22.58,20.75,22.52,-,11.93%
2012-03-05,20.67,20.83,20.13,20.13,-,-1.23%
2012-03-02,20.02,20.67,20.02,20.38,-,1.75%
2012-03-01,20.67,20.75,20.02,20.02,-,-4.53%
2012-02-29,20.9,21.33,20.33,20.98,-,0.48%
2012-02-28,21.13,21.75,20.88,20.88,-,-2.79%
2012-02-27,21.65,22.13,20.67,21.48,-,1.42%
2012-02-24,20.2,21.38,19.92,21.17,-,4.57%
2012-02-23,21.83,22.17,20.23,20.25,-,-7.22%
2012-02-22,22.77,22.77,21.77,21.83,-,-3.11%
2012-02-21,22.25,22.98,22.23,22.52,-,-0.22%
2012-02-17,22.98,23.27,22.38,22.58,-,-0.88%
2012-02-16,24.42,24.92,22.77,22.77,-,-5.99%
2012-02-15,22.42,24.23,21.95,24.23,-,8.03%
2012-02-14,22.13,24.02,21.98,22.42,-,2.40%
2012-02-13,22.6,22.83,21.83,21.9,-,1.27%
2012-02-10,20.85,23.48,20.83,21.63,-,8.26%
2012-02-09,19.17,19.98,18.85,19.98,-,4.58%
2012-02-08,18.33,19.13,18.17,19.1,-,4.23%
2012-02-07,18.3,18.67,18.17,18.33,-,1.38%
2012-02-06,18.23,18.48,18.02,18.08,-,0.84%
2012-02-03,19.17,19.25,17.92,17.92,-,-6.27%
2012-02-02,19.95,20.02,19.13,19.13,-,-3.77%
2012-02-01,20.35,20.48,19.77,19.88,-,-4.79%
2012-01-31,20.45,21.08,20.17,20.88,-,0.97%
2012-01-30,20.83,21.17,20.52,20.67,-,2.73%
2012-01-27,20.42,21.08,20.02,20.13,-,-1.95%
2012-01-26,20.4,20.92,20.02,20.52,-,-0.36%
2012-01-25,21.42,21.83,20.48,20.6,-,-2.94%
2012-01-24,21.58,22.08,21.23,21.23,-,-0.24%
2012-01-23,21.88,22.08,21.23,21.27,-,-2.52%
2012-01-20,22.75,22.92,21.83,21.83,-,-3.11%
2012-01-19,23.08,23.33,22.52,22.52,-,-3.01%
2012-01-18,23.67,24.38,23.23,23.23,-,-3.13%
2012-01-17,23.75,24.38,23.23,23.98,-,6.44%
2012-01-13,22.42,24.17,22.25,22.52,-,1.58%
2012-01-12,22.48,23.52,22.17,22.17,-,-2.85%
2012-01-11,22.48,22.92,22.42,22.83,-,2.24%
2012-01-10,22.83,22.83,21.77,22.33,-,-2.19%
2012-01-09,23.08,23.23,22.73,22.83,-,-0.87%
2012-01-06,23.67,24.08,22.98,23.02,-,-3.15%
2012-01-05,24.77,24.98,23.67,23.77,-,-1.65%
2012-01-04,24.92,25.48,24.17,24.17,-,-2.62%
2012-01-03,25.55,25.55,24.58,24.83,-,-6.94%
2012-01-02,26.67,26.67,26.67,26.67,-,0.00%
2011-12-30,25.85,26.67,25.83,26.67,-,2.79%
2011-12-29,26.58,26.58,25.83,25.95,-,-2.72%
2011-12-28,25.25,26.77,25.13,26.67,-,4.71%
2011-12-27,25.83,25.88,25.25,25.48,-,-0.68%
2011-12-26,25.65,25.65,25.65,25.65,-,0.10%
2011-12-23,24.77,25.92,24.52,25.63,-,2.19%
2011-12-22,24.45,25.38,23.98,25.08,-,2.24%
2011-12-21,26.6,27.13,24.52,24.52,-,-7.89%
2011-12-20,27.52,27.67,26.63,26.63,-,-6.00%
2011-12-19,28.58,28.88,27.98,28.33,-,8.63%
2011-12-16,25.52,26.42,25.13,26.08,-,-0.76%
2011-12-15,26.52,26.63,25.63,26.27,-,-2.95%
2011-12-14,27.02,28.27,26.77,27.08,-,-0.18%
2011-12-13,27.52,27.88,26.0,27.13,-,-1.45%
2011-12-12,27.83,29.05,27.38,27.52,-,1.29%
2011-12-09,30.15,30.15,27.17,27.17,-,-9.94%
2011-12-08,28.58,30.48,27.92,30.17,-,5.60%
2011-12-07,27.83,29.63,27.8,28.58,-,1.78%
2011-12-06,27.83,28.23,27.42,28.08,-,0.90%
2011-12-05,26.77,28.27,26.48,27.83,-,-0.18%
2011-12-02,27.17,27.98,26.52,27.88,-,-0.54%
2011-12-01,28.38,28.73,27.67,28.02,-,-1.23%
2011-11-30,30.27,30.27,28.27,28.38,-,-9.56%
2011-11-29,31.52,32.42,31.27,31.38,-,-1.88%
2011-11-28,32.45,32.63,31.38,31.98,-,-7.25%
2011-11-25,34.25,34.58,33.0,34.47,-,2.53%
2011-11-23,32.88,33.72,32.63,33.63,-,4.18%
2011-11-22,32.6,33.38,31.98,32.28,-,-1.97%
2011-11-21,34.28,34.3,32.63,32.92,-,1.86%
2011-11-18,33.58,33.58,32.33,32.33,-,-3.72%
2011-11-17,32.63,34.22,31.88,33.58,-,2.75%
2011-11-16,31.27,32.67,30.38,32.67,-,6.52%
2011-11-15,31.67,31.73,30.27,30.67,-,-0.32%
2011-11-14,30.8,31.42,30.5,30.77,-,-1.76%
2011-11-11,31.85,32.17,30.83,31.33,-,-6.28%
2011-11-10,36.45,36.45,33.03,33.42,-,-8.24%
2011-11-09,31.73,36.78,31.67,36.42,-,26.15%
2011-11-08,30.33,31.67,28.83,28.88,-,-7.08%
2011-11-07,31.85,32.63,30.88,31.08,-,-0.80%
2011-11-04,31.48,33.13,30.58,31.33,-,1.46%
2011-11-03,32.65,33.97,30.67,30.88,-,-5.51%
2011-11-02,32.85,34.13,32.38,32.67,-,-3.68%
2011-11-01,32.9,35.28,32.83,33.92,-,13.37%
2011-10-31,27.15,30.02,27.15,29.92,-,14.33%
2011-10-28,26.7,27.17,25.88,26.17,-,0.19%
2011-10-27,30.48,30.48,25.98,26.13,-,-14.27%
2011-10-26,31.42,33.13,30.33,30.48,-,-5.87%
2011-10-25,29.75,32.42,29.73,32.38,-,8.92%
2011-10-24,31.48,31.52,29.7,29.73,-,-5.86%
2011-10-21,33.97,33.97,31.58,31.58,-,-7.06%
2011-10-20,32.97,35.17,32.97,33.97,-,0.52%
2011-10-19,31.08,34.03,30.73,33.8,-,8.94%
2011-10-18,33.35,33.78,30.27,31.02,-,-5.77%
2011-10-17,29.42,32.92,29.17,32.92,-,10.39%
2011-10-14,31.13,31.17,29.73,29.83,-,-7.30%
2011-10-13,32.8,33.88,31.83,32.17,-,-0.16%
2011-10-12,34.47,34.47,30.95,32.22,-,-6.53%
2011-10-11,34.67,35.5,34.13,34.47,-,-0.58%
2011-10-10,36.47,36.55,34.6,34.67,-,-8.57%
2011-10-07,37.72,39.08,36.45,37.92,-,0.40%
2011-10-06,37.97,39.28,37.42,37.78,-,-1.56%
2011-10-05,39.9,40.78,38.13,38.38,-,-5.94%
2011-10-04,46.0,46.08,40.38,40.8,-,-9.38%
2011-10-03,42.3,45.03,41.17,45.03,-,7.91%
2011-09-30,38.58,41.83,38.58,41.72,-,8.17%
2011-09-29,39.42,40.58,37.47,38.58,-,-2.16%
2011-09-28,36.72,39.42,35.92,39.42,-,7.50%
2011-09-27,37.47,37.47,35.08,36.67,-,-2.13%
2011-09-26,37.83,39.67,37.38,37.47,-,-4.09%
2011-09-23,39.92,39.97,38.03,39.08,-,1.69%
2011-09-22,37.67,39.72,37.03,38.42,-,7.71%
2011-09-21,33.22,35.67,32.58,35.67,-,8.35%
2011-09-20,33.03,33.28,31.98,32.92,-,-0.30%
2011-09-19,33.0,34.22,32.83,33.03,-,3.12%
2011-09-16,33.65,33.88,31.88,32.03,-,-3.48%
2011-09-15,35.25,35.53,32.98,33.18,-,-7.01%
2011-09-14,37.78,38.42,34.68,35.68,-,-5.55%
2011-09-13,38.97,39.08,37.25,37.78,-,-1.18%
2011-09-12,40.9,41.03,38.22,38.22,-,-0.78%
2011-09-09,34.58,39.17,34.42,38.53,-,11.59%
2011-09-08,33.58,34.83,32.97,34.53,-,2.83%
2011-09-07,35.72,35.72,33.47,33.58,-,-5.95%
2011-09-06,36.75,37.83,35.17,35.7,-,3.55%
2011-09-05,34.47,34.47,34.47,34.47,-,0.00%
2011-09-02,32.15,34.47,32.15,34.47,-,7.23%
2011-09-01,31.63,32.15,30.58,32.15,-,1.66%
2011-08-31,31.58,32.03,30.52,31.63,-,-2.62%
2011-08-30,32.1,32.67,31.27,32.47,-,2.69%
2011-08-29,32.88,32.88,31.38,31.63,-,-6.78%
2011-08-26,35.08,36.58,33.22,33.92,-,-2.16%
2011-08-25,33.2,35.17,32.15,34.67,-,3.12%
2011-08-24,34.28,35.08,32.53,33.63,-,-1.90%
2011-08-23,35.92,36.88,34.17,34.28,-,-5.77%
2011-08-22,33.65,36.67,33.1,36.38,-,2.97%
2011-08-19,33.38,35.67,32.97,35.33,-,5.68%
2011-08-18,27.98,34.17,27.98,33.42,-,19.70%
2011-08-17,26.85,27.98,26.48,27.92,-,3.91%
2011-08-16,26.67,28.08,26.67,26.88,-,0.75%
2011-08-15,27.5,27.67,26.58,26.67,-,-23.84%
2011-08-12,34.65,35.33,33.28,35.03,-,-0.14%
2011-08-11,37.17,37.9,33.63,35.08,-,-2.91%
2011-08-10,30.5,36.58,30.5,36.13,-,18.54%
2011-08-09,34.42,36.45,30.42,30.48,-,-16.79%
2011-08-08,31.42,36.67,30.77,36.63,-,25.54%
2011-08-05,27.35,31.85,25.13,29.17,-,6.38%
2011-08-04,22.83,27.55,22.38,27.42,-,24.80%
2011-08-03,21.52,22.83,21.33,21.98,-,-1.12%
2011-08-02,20.52,22.23,20.33,22.23,-,8.28%
2011-08-01,20.1,21.63,19.73,20.52,-,-2.38%
2011-07-29,21.65,22.52,20.83,21.02,-,-1.41%
2011-07-28,21.23,21.52,20.13,21.33,-,0.24%
2011-07-27,19.88,21.27,19.77,21.27,-,8.41%
2011-07-26,19.13,19.67,19.08,19.63,-,1.55%
2011-07-25,18.63,19.33,18.63,19.33,-,6.04%
2011-07-22,18.27,18.63,18.13,18.23,-,-0.55%
2011-07-21,19.4,19.4,18.33,18.33,-,-5.66%
2011-07-20,19.73,19.88,19.38,19.42,-,-1.52%
2011-07-19,20.67,20.73,19.73,19.73,-,-5.96%
2011-07-18,20.23,21.23,20.23,20.98,-,4.22%
2011-07-15,20.63,21.52,19.92,20.13,-,-2.42%
2011-07-14,19.7,21.33,19.38,20.63,-,3.77%
2011-07-13,19.08,20.08,18.42,19.88,-,1.27%
2011-07-12,18.77,19.67,18.52,19.63,-,4.81%
2011-07-11,17.1,18.88,17.1,18.73,-,9.66%
2011-07-08,16.7,17.77,16.7,17.08,-,2.09%
2011-07-07,17.0,17.0,16.63,16.73,-,-2.90%
2011-07-06,17.23,17.73,17.13,17.23,-,1.77%
2011-07-05,16.92,17.23,16.92,16.92,-,0.00%
2011-07-04,16.92,16.92,16.92,16.92,-,0.00%
2011-07-01,17.7,17.73,16.92,16.92,-,-4.51%
2011-06-30,18.48,18.48,17.63,17.73,-,-4.32%
2011-06-29,19.25,19.38,18.52,18.52,-,-4.88%
2011-06-28,20.65,20.65,19.48,19.48,-,-5.35%
2011-06-27,20.73,21.27,20.52,20.58,-,-2.14%
2011-06-24,19.95,21.02,19.67,21.02,-,5.12%
2011-06-23,20.25,21.55,19.98,20.0,-,-1.23%
2011-06-22,19.88,20.25,19.17,20.25,-,1.63%
2011-06-21,20.13,20.13,19.33,19.92,-,-2.45%
2011-06-20,21.98,22.0,20.33,20.42,-,-4.89%
2011-06-17,21.92,22.08,20.92,21.48,-,-2.05%
2011-06-16,20.92,22.92,20.92,21.92,-,4.78%
2011-06-15,19.17,20.98,19.17,20.92,-,9.13%
2011-06-14,19.67,19.67,18.98,19.17,-,-4.01%
2011-06-13,19.45,20.23,19.23,19.98,-,5.83%
2011-06-10,17.73,18.98,17.73,18.88,-,6.49%
2011-06-09,18.3,18.35,17.52,17.73,-,-4.06%
2011-06-08,18.05,18.58,17.83,18.48,-,2.21%
2011-06-07,17.92,18.08,17.38,18.08,-,-0.55%
2011-06-06,18.02,18.42,17.63,18.17,-,1.39%
2011-06-03,17.95,18.77,17.52,17.92,-,0.84%
2011-06-02,17.83,18.42,17.48,17.77,-,-0.84%
2011-06-01,16.75,18.13,16.73,17.92,-,8.47%
2011-05-31,16.7,16.92,16.42,16.52,-,-3.22%
2011-05-27,17.38,17.38,16.98,17.08,-,-2.01%
2011-05-26,17.75,18.17,17.42,17.42,-,-2.79%
2011-05-25,18.42,18.58,17.73,17.92,-,-1.92%
2011-05-24,18.4,18.52,18.02,18.27,-,-1.35%
2011-05-23,18.55,18.98,18.27,18.52,-,2.77%
2011-05-20,17.63,18.27,17.42,18.02,-,2.27%
2011-05-19,17.88,18.13,17.63,17.63,-,-2.22%
2011-05-18,18.73,18.77,17.98,18.02,-,1.98%
2011-05-17,17.98,18.73,17.48,17.67,-,-1.67%
2011-05-16,17.5,17.98,16.73,17.98,-,3.90%
2011-05-13,16.6,17.48,16.45,17.3,-,4.22%
2011-05-12,17.17,17.77,16.6,16.6,-,-3.35%
2011-05-11,16.7,17.73,16.67,17.17,-,3.31%
2011-05-10,17.23,17.33,16.63,16.63,-,-4.59%
2011-05-09,17.95,18.23,17.38,17.42,-,-3.86%
2011-05-06,18.27,18.88,17.02,18.13,-,-0.82%
2011-05-05,18.23,18.77,17.63,18.27,-,1.95%
2011-05-04,17.77,18.48,17.6,17.92,-,1.41%
2011-05-03,17.48,18.08,17.33,17.67,-,2.91%
2011-05-02,16.67,17.42,16.42,17.17,-,3.31%
2011-04-29,16.65,16.88,16.58,16.63,-,-0.30%
2011-04-28,17.08,17.23,16.58,16.67,-,-1.77%
2011-04-27,17.15,17.88,16.92,16.98,-,-1.45%
2011-04-26,17.25,17.38,16.83,17.23,-,-1.15%
2011-04-25,17.77,17.92,17.42,17.42,-,-2.52%
2011-04-22,17.88,17.88,17.88,17.88,-,0.00%
2011-04-21,17.98,18.33,17.83,17.88,-,-1.65%
2011-04-20,19.15,19.15,18.17,18.17,-,-4.97%
2011-04-19,20.08,20.08,19.13,19.13,-,-5.20%
2011-04-18,19.98,20.98,19.95,20.17,-,20.63%
2011-04-15,17.98,18.02,16.73,16.73,-,-6.43%
2011-04-14,18.58,19.02,17.83,17.88,-,-2.19%
2011-04-13,18.38,18.67,18.08,18.27,-,-2.14%
2011-04-12,18.7,19.27,18.42,18.67,-,1.63%
2011-04-11,18.55,18.67,18.13,18.38,-,-1.34%
2011-04-08,18.15,18.98,17.83,18.63,-,1.36%
2011-04-07,18.23,18.92,18.17,18.38,-,0.27%
2011-04-06,18.27,18.67,18.02,18.33,-,-1.08%
2011-04-05,18.88,19.05,18.33,18.52,-,-0.80%
2011-04-04,18.9,19.13,18.63,18.67,-,-1.84%
2011-04-01,19.08,19.27,18.58,19.02,-,-1.30%
2011-03-31,19.33,19.52,19.17,19.27,-,0.26%
2011-03-30,19.33,19.58,19.13,19.23,-,-1.79%
2011-03-29,20.1,20.58,19.58,19.58,-,-3.45%
2011-03-28,19.75,20.38,19.58,20.27,-,2.79%
2011-03-25,19.92,19.98,19.42,19.73,-,-1.00%
2011-03-24,20.15,20.38,19.77,19.92,-,-2.92%
2011-03-23,21.65,22.08,20.48,20.52,-,-4.42%
2011-03-22,21.6,21.73,21.23,21.48,-,-0.35%
2011-03-21,22.38,22.52,21.55,21.55,-,-7.61%
2011-03-18,24.13,24.13,22.98,23.33,-,-3.32%
2011-03-17,24.88,24.88,23.48,24.13,-,-3.02%
2011-03-16,23.42,26.02,22.92,24.88,-,6.19%
2011-03-15,22.27,24.77,22.27,23.42,-,5.16%
2011-03-14,22.52,22.83,22.13,22.27,-,4.45%
2011-03-11,22.23,22.63,21.17,21.33,-,-4.05%
2011-03-10,21.27,22.33,21.25,22.23,-,5.71%
2011-03-09,20.3,21.33,20.27,21.02,-,2.94%
2011-03-08,21.0,21.52,20.13,20.42,-,-2.85%
2011-03-07,20.13,21.63,19.67,21.02,-,4.99%
2011-03-04,19.55,20.83,19.38,20.02,-,1.78%
2011-03-03,20.27,20.33,19.67,19.67,-,-6.64%
2011-03-02,21.1,21.27,20.23,21.08,-,-0.47%
2011-03-01,19.13,21.17,19.02,21.17,-,10.43%
2011-02-28,19.9,19.9,19.13,19.17,-,-4.60%
2011-02-25,21.02,21.48,20.1,20.1,-,-7.90%
2011-02-24,22.23,22.63,21.52,21.83,-,-1.80%
2011-02-23,20.75,22.77,20.58,22.23,-,5.21%
2011-02-22,19.4,21.17,19.33,21.13,-,13.73%
2011-02-18,18.48,18.77,18.33,18.58,-,0.81%
2011-02-17,18.17,18.58,18.15,18.42,-,0.82%
2011-02-16,17.77,18.38,17.58,18.27,-,1.39%
2011-02-15,17.88,18.08,17.83,18.02,-,9.74%
2011-02-14,16.67,16.67,16.27,16.42,-,-0.90%
2011-02-11,17.08,17.17,16.42,16.58,-,-2.36%
2011-02-10,17.2,17.52,16.83,16.98,-,0.89%
2011-02-09,16.95,17.27,16.77,16.83,-,0.00%
2011-02-08,17.0,17.23,16.67,16.83,-,-0.59%
2011-02-07,17.17,17.17,16.67,16.92,-,-1.74%
2011-02-04,17.67,17.8,17.13,17.23,-,-2.55%
2011-02-03,18.23,18.52,17.58,17.67,-,-1.94%
2011-02-02,18.08,18.33,17.63,18.02,-,0.56%
2011-02-01,18.63,18.63,17.73,17.92,-,-6.03%
2011-01-31,19.38,19.38,18.52,19.08,-,-1.29%
2011-01-28,17.27,19.33,17.02,19.33,-,12.19%
2011-01-27,17.45,17.8,17.23,17.23,-,-1.71%
2011-01-26,17.92,18.17,17.48,17.52,-,-3.58%
2011-01-25,18.67,18.98,18.17,18.17,-,-1.09%
2011-01-24,18.88,19.02,18.33,18.38,-,-2.39%
2011-01-21,18.45,19.08,18.08,18.83,-,1.07%
2011-01-20,18.95,19.48,18.58,18.63,-,-0.53%
2011-01-19,18.0,19.23,17.83,18.73,-,5.05%
2011-01-18,16.23,18.58,16.23,17.83,-,9.86%
2011-01-17,16.23,16.23,16.23,16.23,-,0.00%
2011-01-14,16.92,17.27,16.17,16.23,-,-4.14%
2011-01-13,17.02,17.33,16.92,16.92,-,-0.29%
2011-01-12,17.92,17.92,16.98,16.98,-,-5.56%
2011-01-11,18.63,18.63,17.92,17.98,-,-3.49%
2011-01-10,19.05,19.52,18.52,18.63,-,-0.27%
2011-01-07,18.65,19.38,18.23,18.67,-,0.27%
2011-01-06,18.5,18.98,18.42,18.63,-,-0.27%
2011-01-05,19.3,19.42,18.52,18.67,-,-2.10%
2011-01-04,19.13,19.75,18.88,19.08,-,-1.04%
2011-01-03,19.38,19.42,18.92,19.27,-,-2.03%
2010-12-31,20.08,20.27,19.67,19.67,-,-1.99%
2010-12-30,20.4,20.4,19.98,20.08,-,-0.74%
2010-12-29,20.38,20.48,20.17,20.23,-,-1.46%
2010-12-28,20.23,20.73,20.23,20.52,-,0.49%
2010-12-27,20.13,20.63,20.13,20.42,-,3.03%
2010-12-24,19.83,19.83,19.83,19.83,-,0.00%
2010-12-23,19.33,20.23,19.3,19.83,-,3.39%
2010-12-22,19.17,19.38,19.13,19.17,-,-0.26%
2010-12-21,19.48,19.5,19.17,19.23,-,14.95%
2010-12-20,17.0,17.27,16.52,16.73,-,-4.84%
2010-12-17,18.35,18.42,17.17,17.58,-,-4.61%
2010-12-16,18.9,19.17,18.25,18.42,-,-3.41%
2010-12-15,18.8,19.08,18.08,19.08,-,1.87%
2010-12-14,18.27,18.73,18.15,18.73,-,2.46%
2010-12-13,18.02,18.35,17.88,18.27,-,1.39%
2010-12-10,17.88,18.17,17.83,18.02,-,0.28%
2010-12-09,17.83,18.33,17.77,17.98,-,-1.10%
2010-12-08,18.58,18.92,18.13,18.17,-,-2.15%
2010-12-07,17.98,18.63,17.77,18.58,-,0.00%
2010-12-06,19.02,19.17,18.52,18.58,-,-2.37%
2010-12-03,19.83,20.25,18.88,19.02,-,-4.04%
2010-12-02,21.55,21.58,19.83,19.83,-,-9.37%
2010-12-01,21.88,21.92,21.42,21.88,-,-5.61%
2010-11-30,22.25,23.3,21.98,23.17,-,8.17%
2010-11-29,21.45,22.38,21.23,21.42,-,0.94%
2010-11-26,19.77,21.27,19.77,21.23,-,7.33%
2010-11-24,20.73,20.73,19.77,19.77,-,-4.58%
2010-11-23,20.77,21.23,20.52,20.73,-,4.80%
2010-11-22,20.85,21.02,19.77,19.77,-,-3.18%
2010-11-19,20.98,21.58,20.38,20.42,-,-1.45%
2010-11-18,22.27,22.27,20.73,20.73,-,-6.96%
2010-11-17,22.77,22.77,21.77,22.27,-,-2.20%
2010-11-16,19.73,23.4,19.73,22.77,-,15.46%
2010-11-15,19.73,19.98,19.05,19.73,-,-2.95%
2010-11-12,19.63,20.65,19.17,20.33,-,7.40%
2010-11-11,19.38,19.63,18.88,18.92,-,1.61%
2010-11-10,18.88,19.7,18.58,18.63,-,-1.32%
2010-11-09,18.45,19.38,18.25,18.88,-,1.07%
2010-11-08,18.83,19.48,18.67,18.67,-,0.81%
2010-11-05,18.48,18.83,18.38,18.52,-,0.27%
2010-11-04,19.02,19.02,18.48,18.48,-,-6.57%
2010-11-03,21.13,21.63,19.73,19.77,-,-5.72%
2010-11-02,21.33,21.42,20.98,20.98,-,-2.56%
2010-11-01,21.48,22.23,21.2,21.52,-,-0.92%
2010-10-29,21.77,22.02,21.63,21.73,-,0.00%
2010-10-28,21.42,22.17,21.33,21.73,-,-0.46%
2010-10-27,21.38,22.83,21.38,21.83,-,2.11%
2010-10-26,21.35,21.63,21.13,21.38,-,2.15%
2010-10-25,20.7,21.13,20.4,20.92,-,-0.95%
2010-10-22,21.95,21.95,21.08,21.13,-,-3.87%
2010-10-21,22.58,22.88,21.88,21.98,-,-2.66%
2010-10-20,23.77,23.83,22.58,22.58,-,7.63%
2010-10-19,19.83,21.63,19.83,20.98,-,5.80%
2010-10-18,20.92,21.23,19.63,19.83,-,-5.26%
2010-10-15,21.2,22.6,20.92,20.92,-,-2.79%
2010-10-14,20.58,22.27,20.55,21.52,-,4.36%
2010-10-13,20.23,20.63,20.02,20.63,-,0.00%
2010-10-12,21.63,22.02,20.42,20.63,-,-3.06%
2010-10-11,21.77,21.77,21.27,21.27,-,-2.96%
2010-10-08,23.0,23.13,21.83,21.92,-,-4.36%
2010-10-07,23.23,23.77,22.92,22.92,-,-1.29%
2010-10-06,23.58,23.92,23.23,23.23,-,-1.69%
2010-10-05,24.6,24.77,23.63,23.63,-,-5.97%
2010-10-04,25.0,25.58,24.77,25.13,-,1.62%
2010-10-01,24.92,25.42,24.73,24.73,-,-2.75%
2010-09-30,24.38,25.73,24.17,25.42,-,3.04%
2010-09-29,24.48,24.92,24.27,24.67,-,1.86%
2010-09-28,24.33,25.15,24.08,24.23,-,-0.41%
2010-09-27,24.17,24.42,23.95,24.33,-,0.52%
2010-09-24,25.05,25.08,24.2,24.2,-,-6.11%
2010-09-23,24.92,26.02,24.92,25.77,-,3.41%
2010-09-22,24.67,25.17,24.2,24.92,-,2.05%
2010-09-21,24.38,24.67,24.02,24.42,-,0.41%
2010-09-20,24.9,25.05,24.33,24.33,-,-2.80%
2010-09-17,25.08,25.63,24.98,25.02,-,-0.20%
2010-09-16,25.17,25.83,25.08,25.08,-,-0.40%
2010-09-15,25.9,26.13,25.17,25.17,-,-1.85%
2010-09-14,21.67,26.02,21.67,25.65,-,18.34%
2010-09-13,23.08,23.08,21.58,21.67,-,-6.07%
2010-09-10,23.5,23.8,23.08,23.08,-,-2.94%
2010-09-09,23.13,23.88,23.13,23.77,-,-0.21%
2010-09-08,24.35,24.38,23.83,23.83,-,-2.46%
2010-09-07,24.23,24.77,23.83,24.42,-,3.61%
2010-09-06,23.58,23.58,23.58,23.58,-,0.00%
2010-09-03,24.08,24.52,23.52,23.58,-,-5.70%
2010-09-02,25.88,25.98,24.95,25.0,-,-3.19%
2010-09-01,27.9,27.9,25.8,25.83,-,-7.52%
2010-08-31,28.67,29.02,27.88,27.92,-,-1.76%
2010-08-30,27.63,28.63,27.23,28.42,-,3.08%
2010-08-27,28.98,29.95,27.48,27.58,-,-6.60%
2010-08-26,28.85,29.88,28.52,29.52,-,1.37%
2010-08-25,30.3,30.77,28.98,29.13,-,-2.35%
2010-08-24,29.58,30.98,29.48,29.83,-,2.76%
2010-08-23,29.13,29.13,28.58,29.02,-,-1.86%
2010-08-20,29.92,30.42,29.42,29.58,-,-1.17%
2010-08-19,29.02,30.38,28.73,29.92,-,3.10%
2010-08-18,29.17,29.38,28.52,29.02,-,-0.85%
2010-08-17,26.02,29.27,24.13,29.27,-,12.49%
2010-08-16,27.13,27.33,25.92,26.02,-,-2.62%
2010-08-13,26.13,26.98,25.85,26.73,-,2.10%
2010-08-12,25.67,26.95,25.67,26.17,-,1.95%
2010-08-11,24.65,25.83,24.63,25.67,-,10.55%
2010-08-10,23.08,24.27,23.08,23.23,-,0.54%
2010-08-09,23.67,23.73,23.08,23.1,-,-2.63%
2010-08-06,23.77,25.13,23.58,23.73,-,-0.32%
2010-08-05,24.27,24.48,23.75,23.8,-,0.32%
2010-08-04,24.05,24.33,23.67,23.73,-,-1.45%
2010-08-03,23.88,24.73,23.88,24.08,-,1.05%
2010-08-02,24.73,24.92,23.83,23.83,-,-6.29%
2010-07-30,26.73,26.77,25.33,25.42,-,-1.26%
2010-07-29,25.23,26.63,24.92,25.75,-,1.28%
2010-07-27,25.58,26.08,24.98,25.42,-,-0.59%
2010-07-26,26.52,26.88,25.58,25.58,-,-3.76%
2010-07-23,27.38,27.67,26.58,26.58,-,-2.57%
2010-07-22,27.73,27.83,26.8,27.27,-,-5.38%
2010-07-21,27.98,29.42,27.9,28.83,-,1.23%
2010-07-20,31.08,31.08,28.33,28.48,-,6.15%
2010-07-19,28.13,28.13,26.23,26.83,-,-4.71%
2010-07-16,26.48,29.45,26.48,28.15,-,6.33%
2010-07-15,26.63,28.55,26.23,26.48,-,-0.56%
2010-07-14,25.77,27.42,25.77,26.63,-,3.30%
2010-07-13,25.17,25.88,24.83,25.77,-,-0.19%
2010-07-12,26.6,26.8,25.83,25.83,-,-2.64%
2010-07-09,27.15,27.35,26.33,26.52,-,-1.85%
2010-07-08,27.52,27.9,26.73,27.02,-,-1.82%
2010-07-07,29.48,29.5,27.52,27.52,-,-7.56%
2010-07-06,29.8,31.08,28.83,29.77,-,-7.17%
2010-07-05,32.08,32.08,32.08,32.08,-,-0.08%
2010-07-02,32.28,32.95,31.38,32.1,-,-3.68%
2010-07-01,33.55,35.9,32.97,33.33,-,-1.70%
2010-06-30,33.47,34.1,32.03,33.9,-,1.12%
2010-06-29,31.77,34.22,31.77,33.53,-,11.29%
2010-06-28,29.52,30.63,29.38,30.13,-,1.18%
2010-06-25,30.4,31.0,29.77,29.77,-,-2.78%
2010-06-24,29.08,31.02,28.88,30.63,-,6.61%
2010-06-23,28.33,29.83,28.05,28.73,-,0.88%
2010-06-22,27.08,28.67,27.02,28.48,-,5.17%
2010-06-21,25.67,27.48,25.58,27.08,-,0.93%
2010-06-18,27.2,27.38,26.35,26.83,-,-1.29%
2010-06-17,27.58,28.58,27.17,27.17,-,-2.16%
2010-06-16,28.58,28.83,27.77,27.77,-,-2.63%
2010-06-15,27.88,29.42,27.02,28.52,-,0.00%
2010-06-14,28.2,29.05,27.35,28.52,-,-2.56%
2010-06-11,31.33,31.38,29.23,29.27,-,-4.41%
2010-06-10,33.38,33.38,30.13,30.63,-,-8.38%
2010-06-09,33.42,33.75,30.9,33.42,-,0.00%
2010-06-08,35.47,35.67,33.13,33.42,-,-5.78%
2010-06-07,33.53,35.58,32.72,35.47,-,5.82%
2010-06-04,29.58,34.05,29.58,33.53,-,13.36%
2010-06-03,29.52,30.15,28.88,29.58,-,-0.84%
2010-06-02,31.52,31.83,29.83,29.83,-,-8.30%
2010-06-01,30.38,32.53,29.98,32.53,-,7.08%
2010-05-31,30.38,30.38,30.38,30.38,-,0.00%
2010-05-28,29.33,30.63,29.2,30.38,-,2.53%
2010-05-27,29.8,30.58,29.38,29.63,-,-9.61%
2010-05-26,33.72,33.72,30.38,32.78,-,-2.82%
2010-05-25,37.9,38.03,33.17,33.72,-,-3.71%
2010-05-24,35.72,35.72,33.65,35.03,-,-2.10%
2010-05-21,35.92,38.2,33.92,35.78,-,-0.28%
2010-05-20,34.15,36.92,33.95,35.88,-,13.62%
2010-05-19,31.45,32.83,30.17,31.58,-,2.27%
2010-05-18,28.6,30.9,27.48,30.88,-,1.98%
2010-05-17,29.33,33.25,29.23,30.27,-,0.67%
2010-05-14,25.83,30.92,25.8,30.08,-,16.46%
2010-05-13,25.02,26.0,24.17,25.83,-,3.20%
2010-05-12,26.6,26.63,24.63,25.02,-,-7.57%
2010-05-11,28.5,28.52,25.88,27.08,-,-1.28%
2010-05-10,32.92,32.92,25.02,27.42,-,-16.58%
2010-05-07,29.2,34.78,28.02,32.88,-,2.49%
2010-05-06,25.02,35.08,24.08,32.08,-,32.95%
2010-05-05,24.02,25.42,23.02,24.13,-,5.23%
2010-05-04,21.73,23.52,21.73,22.92,-,11.69%
2010-05-03,21.58,21.58,20.38,20.52,-,-4.87%
2010-04-30,19.83,21.88,19.67,21.58,-,9.94%
2010-04-29,20.77,20.77,19.48,19.63,-,-5.54%
2010-04-28,21.02,21.5,20.23,20.77,-,-1.42%
2010-04-27,18.73,21.17,18.73,21.08,-,12.55%
2010-04-26,18.48,18.88,18.33,18.73,-,1.08%
2010-04-23,18.65,18.83,18.27,18.52,-,-0.54%
2010-04-22,19.33,19.58,18.52,18.63,-,16.59%
2010-04-20,16.88,16.98,15.98,15.98,-,-8.06%
2010-04-19,18.42,19.1,17.38,17.38,-,-4.40%
2010-04-16,16.92,19.38,16.83,18.17,-,9.00%
2010-04-15,16.77,16.92,16.58,16.67,-,0.00%
2010-04-14,16.98,17.13,16.67,16.67,-,-2.63%
2010-04-13,17.2,17.58,17.13,17.13,-,0.29%
2010-04-12,17.23,17.33,16.98,17.08,-,-0.58%
2010-04-09,17.38,17.67,17.17,17.17,-,-1.43%
2010-04-08,18.08,18.67,17.42,17.42,-,-2.52%
2010-04-07,17.38,18.08,17.38,17.88,-,2.88%
2010-04-06,18.15,18.27,17.35,17.38,-,-3.07%
2010-04-05,18.77,18.77,17.92,17.92,-,-5.03%
2010-04-01,18.92,19.17,18.17,18.88,-,-0.26%
2010-03-31,19.08,19.48,18.9,18.92,-,-0.79%
2010-03-30,19.45,19.83,19.08,19.08,-,-2.05%
2010-03-29,19.88,19.9,19.42,19.48,-,-2.01%
2010-03-26,20.08,20.33,19.67,19.88,-,-1.00%
2010-03-25,19.92,20.13,19.17,20.08,-,0.75%
2010-03-24,19.73,20.17,19.63,19.92,-,2.57%
2010-03-23,19.88,19.98,19.38,19.42,-,-1.77%
2010-03-22,20.08,20.77,19.77,19.77,-,-1.49%
2010-03-19,20.13,20.52,19.98,20.08,-,1.52%
2010-03-18,19.95,20.23,19.77,19.77,-,-1.74%
2010-03-17,20.85,20.85,19.98,20.13,-,-3.59%
2010-03-16,21.5,21.5,20.88,20.88,-,-3.24%
2010-03-15,21.52,21.9,21.42,21.58,-,17.41%
2010-03-12,18.42,18.88,18.27,18.38,-,-1.08%
2010-03-11,18.58,19.42,18.58,18.58,-,-0.27%
2010-03-10,18.5,18.83,18.17,18.63,-,0.54%
2010-03-09,18.33,18.88,18.27,18.52,-,1.09%
2010-03-08,18.52,18.63,18.17,18.33,-,-1.08%
2010-03-05,19.58,19.58,18.42,18.52,-,-5.36%
2010-03-04,19.63,20.08,19.48,19.58,-,-0.25%
2010-03-03,19.67,20.05,19.58,19.63,-,-0.76%
2010-03-02,19.98,20.1,19.73,19.77,-,-1.00%
2010-03-01,20.38,20.38,19.85,19.98,-,-1.96%
2010-02-26,20.98,21.33,20.38,20.38,-,-2.51%
2010-02-25,21.08,22.52,20.9,20.9,-,-0.83%
2010-02-24,21.55,21.67,21.08,21.08,-,-2.09%
2010-02-23,20.92,22.38,20.92,21.52,-,2.87%
2010-02-22,21.33,21.77,20.92,20.92,-,-1.88%
2010-02-19,22.17,22.3,21.33,21.33,-,-2.07%
2010-02-18,22.92,23.0,21.77,21.77,-,-4.18%
2010-02-17,23.6,23.6,22.73,22.73,-,-3.50%
2010-02-16,23.48,24.25,23.27,23.55,-,-3.58%
2010-02-12,25.58,25.83,24.42,24.42,-,-0.10%
2010-02-11,25.48,26.38,24.15,24.45,-,-4.02%
2010-02-10,25.48,26.42,25.13,25.48,-,0.00%
2010-02-09,26.38,26.4,24.92,25.48,-,-3.41%
2010-02-08,25.58,26.8,25.38,26.38,-,1.15%
2010-02-05,25.58,27.98,24.92,26.08,-,4.20%
2010-02-04,22.15,25.02,22.15,25.02,-,13.11%
2010-02-03,22.38,22.52,21.88,22.13,-,0.23%
2010-02-02,23.02,23.02,21.92,22.08,-,-4.33%
2010-02-01,24.65,24.65,23.02,23.08,-,-6.29%
2010-01-29,23.98,24.95,23.23,24.63,-,2.50%
2010-01-28,23.73,24.85,23.5,24.02,-,1.48%
2010-01-27,24.52,25.4,23.67,23.67,-,-3.47%
2010-01-26,24.33,24.88,23.58,24.52,-,0.82%
2010-01-25,24.73,24.83,23.9,24.33,-,-1.62%
2010-01-22,22.63,25.08,22.63,24.73,-,9.28%
2010-01-21,21.4,22.8,21.02,22.63,-,26.22%
2010-01-19,19.63,19.63,17.83,17.92,-,-8.66%
2010-01-18,19.63,19.63,19.63,19.63,-,0.00%
2010-01-15,18.92,20.08,18.92,19.63,-,3.70%
2010-01-14,19.38,19.52,18.92,18.92,-,-2.32%
2010-01-13,20.13,20.5,19.33,19.38,-,-3.73%
2010-01-12,19.58,20.83,19.48,20.13,-,2.81%
2010-01-11,19.88,19.98,19.48,19.58,-,-1.51%
2010-01-08,20.38,20.73,19.88,19.88,-,-2.45%
2010-01-07,20.92,21.23,20.38,20.38,-,-2.63%
2010-01-06,21.52,21.67,20.92,20.92,-,-2.79%
2010-01-05,22.08,22.33,21.52,21.52,-,-2.49%
2010-01-04,23.02,23.02,22.08,22.08,-,-4.13%
2010-01-01,23.02,23.02,23.02,23.02,-,0.00%
2009-12-31,22.4,23.27,22.17,23.02,-,2.79%
2009-12-30,21.98,22.73,21.98,22.4,-,1.93%
2009-12-29,21.88,22.13,21.67,21.98,-,0.46%
2009-12-28,21.83,22.42,21.77,21.88,-,-1.13%
2009-12-25,22.13,22.13,22.13,22.13,-,0.00%
2009-12-24,22.42,22.42,22.13,22.13,-,-1.34%
2009-12-23,22.77,22.77,22.27,22.42,-,-1.54%
2009-12-22,23.23,23.23,22.63,22.77,-,-1.94%
2009-12-21,24.33,24.33,23.23,23.23,-,-4.52%
2009-12-18,24.48,24.58,23.98,24.33,-,-0.61%
2009-12-17,24.13,24.77,24.08,24.48,-,1.45%
2009-12-16,25.23,25.23,23.98,24.13,-,-4.36%
2009-12-15,21.23,25.88,21.23,25.23,-,18.85%
2009-12-14,22.13,22.13,21.08,21.23,-,-4.07%
2009-12-11,22.48,22.58,22.08,22.13,-,-1.78%
2009-12-10,22.63,22.77,22.48,22.52,-,-2.17%
2009-12-09,23.48,23.73,23.02,23.02,-,-1.92%
2009-12-08,22.9,23.58,22.9,23.48,-,4.22%
2009-12-07,22.58,22.9,22.23,22.52,-,-0.66%
2009-12-04,22.33,23.27,22.13,22.67,-,-2.58%
2009-12-03,22.55,23.38,22.27,23.27,-,2.87%
2009-12-02,23.08,23.25,22.58,22.63,-,-1.95%
2009-12-01,24.13,24.13,22.92,23.08,-,-4.35%
2009-11-30,24.0,24.52,23.83,24.13,-,0.42%
2009-11-27,22.33,25.05,22.33,24.02,-,7.61%
2009-11-25,22.58,22.98,22.27,22.33,-,-1.76%
2009-11-24,22.83,23.5,22.63,22.73,-,-0.44%
2009-11-23,24.17,24.17,22.77,22.83,-,-5.58%
2009-11-20,24.67,25.48,24.17,24.17,-,-2.03%
2009-11-19,24.38,25.77,24.38,24.67,-,1.23%
2009-11-18,22.63,25.05,22.63,24.38,-,7.73%
2009-11-17,23.65,23.75,22.5,22.63,-,-3.21%
2009-11-16,24.17,24.23,23.23,23.38,-,-3.31%
2009-11-13,24.8,25.23,24.13,24.17,-,-2.52%
2009-11-12,23.63,24.98,23.55,24.8,-,4.97%
2009-11-11,23.5,24.05,22.85,23.63,-,0.64%
2009-11-10,23.48,23.8,22.95,23.48,-,-0.21%
2009-11-09,25.02,25.08,23.48,23.52,-,-5.99%
2009-11-06,25.88,26.45,25.02,25.02,-,-3.29%
2009-11-05,27.3,27.35,25.88,25.88,-,-5.99%
2009-11-04,28.08,28.08,26.9,27.52,-,-1.61%
2009-11-02,27.67,29.1,26.67,27.98,-,0.54%
2009-10-30,25.02,28.67,25.02,27.83,-,11.19%
2009-10-29,26.63,26.63,25.02,25.02,-,-6.36%
2009-10-28,24.88,26.83,24.8,26.73,-,8.53%
2009-10-27,24.67,25.13,24.4,24.63,-,0.20%
2009-10-26,24.08,25.17,23.48,24.58,-,2.08%
2009-10-23,23.63,24.38,23.4,24.08,-,1.90%
2009-10-22,24.52,25.23,23.63,23.63,-,-3.67%
2009-10-21,24.55,25.05,23.88,24.52,-,-0.10%
2009-10-20,24.65,24.95,24.33,24.55,-,-0.41%
2009-10-19,22.38,25.25,22.38,24.65,-,10.17%
2009-10-16,22.38,23.15,22.08,22.38,-,0.00%
2009-10-15,23.23,23.58,22.38,22.38,-,-3.66%
2009-10-14,23.52,23.63,22.75,23.23,-,-1.28%
